,,,Cena brutto:,,,,,,
FOOT,Foot 2,9005,111 zł,,,,,,
FOOT,Foot 2,bronze,116 zł,,,,,,
FOOT,Foot 2,gold,116 zł,,,,,,
,,,,,,,,,
UCHWYT,,,78 zł,,,,,,
,,,,,,,,,
KK_003_lacznik 3,Kolano 3,9005,93 zł,,,,,,
KK_004_lacznik 4,Kolano 4,9005,95 zł,,,,,,
KK_005_lacznik 5,Kolano 5,9005,97 zł,,,,,,
,,,,,,,,,
KP_009_profil 65,Profil 65,9005,40 zł,,,,,,
KP_001_profil 79,Profil 79,9005,40 zł,,,,,,
KP_002_profil 154,Profil 154,9005,40 zł,,,,,,
KP_003_profil 229,Profil 229,9005,44 zł,,,,,,
KP_004_profil 329,Profil 329,9005,47 zł,,,,,,
KP_005_profil 374,Profil 374,9005,49 zł,,,,,,
KP_010_profil 420,Profil 420,9005,50 zł,,,,,,
KP_006_profil 479,Profil 479,9005,56 zł,,,,,,
KP_007_profil 523,Profil 523,9005,52 zł,,,,,,
KP_008_profil 729,Profil 729,9005,53 zł,,,,,,
,,,,,,,,,
KK_003_lacznik 3,Kolano 3,bronze,98 zł,,,,,,
KK_004_lacznik 4,Kolano 4,bronze,100 zł,,,,,,
KK_005_lacznik 5,Kolano 5,bronze,102 zł,,,,,,
,,,,,,,,,
KP_009_profil 65,Profil 65,bronze,45 zł,,,,,,
KP_001_profil 79,Profil 79,bronze,45 zł,,,,,,
KP_002_profil 154,Profil 154,bronze,45 zł,,,,,,
KP_003_profil 229,Profil 229,bronze,48 zł,,,,,,
KP_004_profil 329,Profil 329,bronze,52 zł,,,,,,
KP_005_profil 374,Profil 374,bronze,54 zł,,,,,,
KP_010_profil 420,Profil 420,bronze,55 zł,,,,,,
KP_006_profil 479,Profil 479,bronze,60 zł,,,,,,
KP_007_profil 523,Profil 523,bronze,57 zł,,,,,,
KP_008_profil 729,Profil 729,bronze,58 zł,,,,,,
,,,,,,,,,
KK_003_lacznik 3,Kolano 3,gold,98 zł,,,,,,
KK_004_lacznik 4,Kolano 4,gold,100 zł,,,,,,
KK_005_lacznik 5,Kolano 5,gold,102 zł,,,,,,
,,,,,,,,,
KP_009_profil 65,Profil 65,gold,45 zł,,,,,,
KP_001_profil 79,Profil 79,gold,45 zł,,,,,,
KP_002_profil 154,Profil 154,gold,45 zł,,,,,,
KP_003_profil 229,Profil 229,gold,48 zł,,,,,,
KP_004_profil 329,Profil 329,gold,52 zł,,,,,,
KP_005_profil 374,Profil 374,gold,54 zł,,,,,,
KP_010_profil 420,Profil 420,gold,55 zł,,,,,,
KP_006_profil 479,Profil 479,gold,60 zł,,,,,,
KP_007_profil 523,Profil 523,gold,57 zł,,,,,,
KP_008_profil 729,Profil 729,gold,58 zł,,,,,,
,,,,,,,Profil 1,x,Profil 2
KSP_001_10x258x108,ściana pionowa,PC mat,103 zł,,,,229,x,79
KSP_002_10x258x183,ściana pionowa,PC mat,136 zł,,,,229,x,154
KSP_003_10x258x258,ściana pionowa,PC mat,169 zł,,,,229,x,229
KSP_004_10x258x358,ściana pionowa,PC mat,214 zł,,,,229,x,329
KSP_005_10x258x403,ściana pionowa,PC mat,234 zł,,,,229,x,374
KSP_006_10x258x449,ściana pionowa,PC mat,254 zł,,,,229,x,420
KSP_007_10x358x108,ściana pionowa,PC mat,129 zł,,,,329,x,79
KSP_008_10x358x183,ściana pionowa,PC mat,171 zł,,,,329,x,154
KSP_009_10x358x358,ściana pionowa,PC mat,271 zł,,,,329,x,329
KSP_010_10x358x403,ściana pionowa,PC mat,297 zł,,,,329,x,374
KSP_011_10x358x449,ściana pionowa,PC mat,322 zł,,,,329,x,420
KSP_012_10x403x108,ściana pionowa,PC mat,142 zł,,,,374,x,79
KSP_013_10x403x183,ściana pionowa,PC mat,188 zł,,,,374,x,154
KSP_014_10x403x358,ściana pionowa,PC mat,297 zł,,,,374,x,329
KSP_015_10x403x403,ściana pionowa,PC mat,324 zł,,,,374,x,374
KSP_016_10x403x449,ściana pionowa,PC mat,352 zł,,,,374,x,420
KSP_017_10x449x108,ściana pionowa,PC mat,153 zł,,,,420,x,79
KSP_018_10x449x183,ściana pionowa,PC mat,204 zł,,,,420,x,154
KSP_019_10x449x449,ściana pionowa,PC mat,383 zł,,,,420,x,420
KSP_020_10x508x108,ściana pionowa,PC mat,169 zł,,,,479,x,79
KSP_021_10x508x183,ściana pionowa,PC mat,225 zł,,,,479,x,154
KSP_022_10x108x758,ściana pionowa,PC mat,236 zł,,,,79,x,729
KSP_023_10x183x758,ściana pionowa,PC mat,313 zł,,,,154,x,729
KSP_024_10x258x758,ściana pionowa,PC mat,393 zł,,,,229,x,729
KSP_025_10x358x758,ściana pionowa,PC mat,498 zł,,,,329,x,729
KSP_026_10x403x758,ściana pionowa,PC mat,544 zł,,,,374,x,729
KSP_027_10x449x758,ściana pionowa,PC mat,592 zł,,,,420,x,729
KSP_028_10x258x386,ściana pionowa,PC mat,227 zł,,,,229,x,357
KSP_029_10x358x552,ściana pionowa,PC mat,380 zł,,,,329,x,523
KSP_030_10x258x552,ściana pionowa,PC mat,300 zł,,,,229,x,523
KSP_031_10x258x369,ściana pionowa,PC mat,219 zł,,,,229,x,340
KSP_032_10x247x508,ściana pionowa,PC mat,273 zł,,,,218,x,479
KSP_033_10x108x108,ściana pionowa,PC mat,64 zł,,,,79,x,79
KSP_034_10x258x508,ściana pionowa,PC mat,282 zł,,,,229,x,479
KSP_035_10x403x552,ściana pionowa,PC mat,417 zł,,,,403,x,552
KSP_036_10x508x403,ściana pionowa,PC mat,389 zł,,,,508,x,403
KSP_037_10x183x552,ściana pionowa,PC mat,241 zł,,,,183,x,552
KSP_038_10x183x508,ściana pionowa,PC mat,225 zł,,,,183,x,508
KSP_039_10x258x552,ściana pionowa,PC mat,300 zł,,,,258,x,552
KSP_040_10x258x508,ściana pionowa,PC mat,282 zł,,,,258,x,508
KSP_041_10x79x154,ściana pionowa,PC mat,66 zł,,,,79,x,154
KSP_042_10x79x523,ściana pionowa,PC mat,151 zł,,,,79,x,523
KSP_043_10x154x154,ściana pionowa,PC mat,90 zł,,,,154,x,154
KSP_044_10x329x479,ściana pionowa,PC mat,319 zł,,,,329,x,479
KSP_045_10x420x479,ściana pionowa,PC mat,383 zł,,,,420,x,479
KSP_046_10x420x523,ściana pionowa,PC mat,411 zł,,,,420,x,523
KSP_047_10x479x479,ściana pionowa,PC mat,426 zł,,,,479,x,479
KSP_048_10x479x523,ściana pionowa,PC mat,457 zł,,,,479,x,523
KSP_049_10x479x729,ściana pionowa,PC mat,603 zł,,,,479,x,729
KSP_050_10x523x523,ściana pionowa,PC mat,490 zł,,,,523,x,523
KSP_051_10x523x729,ściana pionowa,PC mat,647 zł,,,,523,x,729
KSP_052_10x729x729,ściana pionowa,PC mat,856 zł,,,,729,x,729
KSP_053_10x449x508,ściana pionowa,PC mat,424 zł,,,,449,x,508
KSP_054_10x449x552,ściana pionowa,PC mat,453 zł,,,,449,x,552
KSP_055_10x479x374,ściana pionowa,PC mat,336 zł,,,,479,x,374
KSP_056_10x358x386,ściana pionowa,PC mat,337 zł,,,,358,x,386
KSP_057_10x523x374,ściana pionowa,PC mat,361 zł,,,,523,x,374
KSP_058_10x523x154,ściana pionowa,PC mat,157 zł,,,,523,x,154
,,,,,,,Profil 1,x,Profil 2
KSP_001_10x258x108,ściana pionowa,PC polysk,120 zł,,,,229,x,79
KSP_002_10x258x183,ściana pionowa,PC polysk,166 zł,,,,229,x,154
KSP_003_10x258x258,ściana pionowa,PC polysk,210 zł,,,,229,x,229
KSP_004_10x258x358,ściana pionowa,PC polysk,271 zł,,,,229,x,329
KSP_005_10x258x403,ściana pionowa,PC polysk,298 zł,,,,229,x,374
KSP_006_10x258x449,ściana pionowa,PC polysk,326 zł,,,,229,x,420
KSP_007_10x358x108,ściana pionowa,PC polysk,153 zł,,,,329,x,79
KSP_008_10x358x183,ściana pionowa,PC polysk,212 zł,,,,329,x,154
KSP_009_10x358x358,ściana pionowa,PC polysk,348 zł,,,,329,x,329
KSP_010_10x358x403,ściana pionowa,PC polysk,383 zł,,,,329,x,374
KSP_011_10x358x449,ściana pionowa,PC polysk,420 zł,,,,329,x,420
KSP_012_10x403x108,ściana pionowa,PC polysk,167 zł,,,,374,x,79
KSP_013_10x403x183,ściana pionowa,PC polysk,232 zł,,,,374,x,154
KSP_014_10x403x358,ściana pionowa,PC polysk,383 zł,,,,374,x,329
KSP_015_10x403x403,ściana pionowa,PC polysk,422 zł,,,,374,x,374
KSP_016_10x403x449,ściana pionowa,PC polysk,463 zł,,,,374,x,420
KSP_017_10x449x108,ściana pionowa,PC polysk,182 zł,,,,420,x,79
KSP_018_10x449x183,ściana pionowa,PC polysk,254 zł,,,,420,x,154
KSP_019_10x449x449,ściana pionowa,PC polysk,507 zł,,,,420,x,420
KSP_020_10x508x108,ściana pionowa,PC polysk,203 zł,,,,479,x,79
KSP_021_10x508x183,ściana pionowa,PC polysk,282 zł,,,,479,x,154
KSP_022_10x108x758,ściana pionowa,PC polysk,286 zł,,,,79,x,729
KSP_023_10x183x758,ściana pionowa,PC polysk,398 zł,,,,154,x,729
KSP_024_10x258x758,ściana pionowa,PC polysk,511 zł,,,,229,x,729
KSP_025_10x358x758,ściana pionowa,PC polysk,662 zł,,,,329,x,729
KSP_026_10x403x758,ściana pionowa,PC polysk,730 zł,,,,374,x,729
KSP_027_10x449x758,ściana pionowa,PC polysk,800 zł,,,,420,x,729
KSP_028_10x258x386,ściana pionowa,PC polysk,287 zł,,,,229,x,357
KSP_029_10x358x552,ściana pionowa,PC polysk,501 zł,,,,329,x,523
KSP_030_10x258x552,ściana pionowa,PC polysk,387 zł,,,,229,x,523
KSP_031_10x258x369,ściana pionowa,PC polysk,276 zł,,,,229,x,340
KSP_032_10x247x508,ściana pionowa,PC polysk,348 zł,,,,218,x,479
KSP_033_10x108x108,ściana pionowa,PC polysk,70 zł,,,,79,x,79
KSP_034_10x258x508,ściana pionowa,PC polysk,361 zł,,,,229,x,479
KSP_035_10x403x552,ściana pionowa,PC polysk,551 zł,,,,403,x,552
KSP_036_10x508x403,ściana pionowa,PC polysk,514 zł,,,,508,x,403
KSP_037_10x183x552,ściana pionowa,PC polysk,302 zł,,,,183,x,552
KSP_038_10x183x508,ściana pionowa,PC polysk,282 zł,,,,183,x,508
KSP_039_10x258x552,ściana pionowa,PC polysk,387 zł,,,,258,x,552
KSP_040_10x258x508,ściana pionowa,PC polysk,361 zł,,,,258,x,508
KSP_041_10x79x154,ściana pionowa,PC polysk,73 zł,,,,79,x,154
KSP_042_10x79x523,ściana pionowa,PC polysk,177 zł,,,,79,x,523
KSP_043_10x154x154,ściana pionowa,PC polysk,105 zł,,,,154,x,154
KSP_044_10x329x479,ściana pionowa,PC polysk,415 zł,,,,329,x,479
KSP_045_10x420x479,ściana pionowa,PC polysk,505 zł,,,,420,x,479
KSP_046_10x420x523,ściana pionowa,PC polysk,546 zł,,,,420,x,523
KSP_047_10x479x479,ściana pionowa,PC polysk,564 zł,,,,479,x,479
KSP_048_10x479x523,ściana pionowa,PC polysk,608 zł,,,,479,x,523
KSP_049_10x479x729,ściana pionowa,PC polysk,815 zł,,,,479,x,729
KSP_050_10x523x523,ściana pionowa,PC polysk,656 zł,,,,523,x,523
KSP_051_10x523x729,ściana pionowa,PC polysk,880 zł,,,,523,x,729
KSP_052_10x729x729,ściana pionowa,PC polysk,1 180 zł,,,,729,x,729
KSP_053_10x449x508,ściana pionowa,PC polysk,562 zł,,,,449,,508
KSP_054_10x449x552,ściana pionowa,PC polysk,605 zł,,,,449,,552
KSP_055_10x479x374,ściana pionowa,PC polysk,445 zł,,,,479,,374
KSP_056_10x358x386,ściana pionowa,PC polysk,457 zł,,,,358,x,386
KSP_057_10x523x374,ściana pionowa,PC polysk,480 zł,,,,523,x,374
KSP_058_10x523x154,ściana pionowa,PC polysk,206 zł,,,,523,x,154
,,,,,,,Profil 1,x,Profil 2
KSP_001_10x258x108,ściana pionowa,fornir dab mat,121 zł,,,,229,x,79
KSP_002_10x258x183,ściana pionowa,fornir dab mat,167 zł,,,,229,x,154
KSP_003_10x258x258,ściana pionowa,fornir dab mat,214 zł,,,,229,x,229
KSP_004_10x258x358,ściana pionowa,fornir dab mat,276 zł,,,,229,x,329
KSP_005_10x258x403,ściana pionowa,fornir dab mat,304 zł,,,,229,x,374
KSP_006_10x258x449,ściana pionowa,fornir dab mat,332 zł,,,,229,x,420
KSP_007_10x358x108,ściana pionowa,fornir dab mat,155 zł,,,,329,x,79
KSP_008_10x358x183,ściana pionowa,fornir dab mat,215 zł,,,,329,x,154
KSP_009_10x358x358,ściana pionowa,fornir dab mat,358 zł,,,,329,x,329
KSP_010_10x358x403,ściana pionowa,fornir dab mat,393 zł,,,,329,x,374
KSP_011_10x358x449,ściana pionowa,fornir dab mat,429 zł,,,,329,x,420
KSP_012_10x403x108,ściana pionowa,fornir dab mat,171 zł,,,,374,x,79
KSP_013_10x403x183,ściana pionowa,fornir dab mat,238 zł,,,,374,x,154
KSP_014_10x403x358,ściana pionowa,fornir dab mat,393 zł,,,,374,x,329
KSP_015_10x403x403,ściana pionowa,fornir dab mat,433 zł,,,,374,x,374
KSP_016_10x403x449,ściana pionowa,fornir dab mat,474 zł,,,,374,x,420
KSP_017_10x449x108,ściana pionowa,fornir dab mat,186 zł,,,,420,x,79
KSP_018_10x449x183,ściana pionowa,fornir dab mat,260 zł,,,,420,x,154
KSP_019_10x449x449,ściana pionowa,fornir dab mat,520 zł,,,,420,x,420
KSP_020_10x508x108,ściana pionowa,fornir dab mat,206 zł,,,,479,x,79
KSP_021_10x508x183,ściana pionowa,fornir dab mat,287 zł,,,,479,x,154
KSP_022_10x108x758,ściana pionowa,fornir dab mat,289 zł,,,,79,x,729
KSP_023_10x183x758,ściana pionowa,fornir dab mat,407 zł,,,,154,x,729
KSP_024_10x258x758,ściana pionowa,fornir dab mat,524 zł,,,,229,x,729
KSP_025_10x358x758,ściana pionowa,fornir dab mat,679 zł,,,,329,x,729
KSP_026_10x403x758,ściana pionowa,fornir dab mat,749 zł,,,,374,x,729
KSP_027_10x449x758,ściana pionowa,fornir dab mat,821 zł,,,,420,x,729
KSP_028_10x258x386,ściana pionowa,fornir dab mat,293 zł,,,,229,x,357
KSP_029_10x358x552,ściana pionowa,fornir dab mat,512 zł,,,,329,x,523
KSP_030_10x258x552,ściana pionowa,fornir dab mat,396 zł,,,,229,x,523
KSP_031_10x258x369,ściana pionowa,fornir dab mat,284 zł,,,,229,x,340
KSP_032_10x247x508,ściana pionowa,fornir dab mat,358 zł,,,,218,x,479
KSP_033_10x108x108,ściana pionowa,fornir dab mat,72 zł,,,,79,x,79
KSP_034_10x258x508,ściana pionowa,fornir dab mat,369 zł,,,,229,x,479
KSP_035_10x403x552,ściana pionowa,fornir dab mat,761 zł,,,,403,x,552
KSP_036_10x508x403,ściana pionowa,fornir dab mat,702 zł,,,,508,x,403
KSP_037_10x183x552,ściana pionowa,fornir dab mat,354 zł,,,,183,x,552
KSP_038_10x183x508,ściana pionowa,fornir dab mat,327 zł,,,,183,x,508
KSP_039_10x258x552,ściana pionowa,fornir dab mat,493 zł,,,,258,x,552
KSP_040_10x258x508,ściana pionowa,fornir dab mat,454 zł,,,,258,x,508
KSP_041_10x79x154,ściana pionowa,fornir dab mat,55 zł,,,,79,x,154
KSP_042_10x79x523,ściana pionowa,fornir dab mat,153 zł,,,,79,x,523
KSP_043_10x154x154,ściana pionowa,fornir dab mat,94 zł,,,,154,x,154
KSP_044_10x329x479,ściana pionowa,fornir dab mat,544 zł,,,,329,x,479
KSP_045_10x420x479,ściana pionowa,fornir dab mat,690 zł,,,,420,x,479
KSP_046_10x420x523,ściana pionowa,fornir dab mat,752 zł,,,,420,x,523
KSP_047_10x479x479,ściana pionowa,fornir dab mat,785 zł,,,,479,x,479
KSP_048_10x479x523,ściana pionowa,fornir dab mat,856 zł,,,,479,x,523
KSP_049_10x479x729,ściana pionowa,fornir dab mat,1 187 zł,,,,479,x,729
KSP_050_10x523x523,ściana pionowa,fornir dab mat,933 zł,,,,523,x,523
KSP_051_10x523x729,ściana pionowa,fornir dab mat,1 295 zł,,,,523,x,729
KSP_052_10x729x729,ściana pionowa,fornir dab mat,1 799 zł,,,,729,x,729
KSP_053_10x449x508,ściana pionowa,fornir dab mat,577 zł,,,,449,,508
KSP_054_10x449x552,ściana pionowa,fornir dab mat,619 zł,,,,449,,552
KSP_055_10x479x374,ściana pionowa,fornir dab mat,456 zł,,,,479,,374
KSP_056_10x358x386,ściana pionowa,fornir dab mat,466 zł,,,,358,x,386
KSP_057_10x523x374,ściana pionowa,fornir dab mat,492 zł,,,,523,x,374
KSP_058_10x523x154,ściana pionowa,fornir dab mat,211 zł,,,,523,x,154
,,,,,,,Profil 1,x,Profil 2
KSP_001_10x258x108,ściana pionowa,fornir orzech mat,127 zł,,,,229,x,79
KSP_002_10x258x183,ściana pionowa,fornir orzech mat,177 zł,,,,229,x,154
KSP_003_10x258x258,ściana pionowa,fornir orzech mat,225 zł,,,,229,x,229
KSP_004_10x258x358,ściana pionowa,fornir orzech mat,291 zł,,,,229,x,329
KSP_005_10x258x403,ściana pionowa,fornir orzech mat,321 zł,,,,229,x,374
KSP_006_10x258x449,ściana pionowa,fornir orzech mat,352 zł,,,,229,x,420
KSP_007_10x358x108,ściana pionowa,fornir orzech mat,162 zł,,,,329,x,79
KSP_008_10x358x183,ściana pionowa,fornir orzech mat,227 zł,,,,329,x,154
KSP_009_10x358x358,ściana pionowa,fornir orzech mat,378 zł,,,,329,x,329
KSP_010_10x358x403,ściana pionowa,fornir orzech mat,417 zł,,,,329,x,374
KSP_011_10x358x449,ściana pionowa,fornir orzech mat,457 zł,,,,329,x,420
KSP_012_10x403x108,ściana pionowa,fornir orzech mat,179 zł,,,,374,x,79
KSP_013_10x403x183,ściana pionowa,fornir orzech mat,249 zł,,,,374,x,154
KSP_014_10x403x358,ściana pionowa,fornir orzech mat,417 zł,,,,374,x,329
KSP_015_10x403x403,ściana pionowa,fornir orzech mat,461 zł,,,,374,x,374
KSP_016_10x403x449,ściana pionowa,fornir orzech mat,503 zł,,,,374,x,420
KSP_017_10x449x108,ściana pionowa,fornir orzech mat,193 zł,,,,420,x,79
KSP_018_10x449x183,ściana pionowa,fornir orzech mat,273 zł,,,,420,x,154
KSP_019_10x449x449,ściana pionowa,fornir orzech mat,553 zł,,,,420,x,420
KSP_020_10x508x108,ściana pionowa,fornir orzech mat,215 zł,,,,479,x,79
KSP_021_10x508x183,ściana pionowa,fornir orzech mat,302 zł,,,,479,x,154
KSP_022_10x108x758,ściana pionowa,fornir orzech mat,304 zł,,,,79,x,729
KSP_023_10x183x758,ściana pionowa,fornir orzech mat,429 zł,,,,154,x,729
KSP_024_10x258x758,ściana pionowa,fornir orzech mat,557 zł,,,,229,x,729
KSP_025_10x358x758,ściana pionowa,fornir orzech mat,725 zł,,,,329,x,729
KSP_026_10x403x758,ściana pionowa,fornir orzech mat,800 zł,,,,374,x,729
KSP_027_10x449x758,ściana pionowa,fornir orzech mat,878 zł,,,,420,x,729
KSP_028_10x258x386,ściana pionowa,fornir orzech mat,310 zł,,,,229,x,357
KSP_029_10x358x552,ściana pionowa,fornir orzech mat,546 zł,,,,329,x,523
KSP_030_10x258x552,ściana pionowa,fornir orzech mat,420 zł,,,,229,x,523
KSP_031_10x258x369,ściana pionowa,fornir orzech mat,298 zł,,,,229,x,340
KSP_032_10x247x508,ściana pionowa,fornir orzech mat,378 zł,,,,218,x,479
KSP_033_10x108x108,ściana pionowa,fornir orzech mat,73 zł,,,,79,x,79
KSP_034_10x258x508,ściana pionowa,fornir orzech mat,391 zł,,,,229,x,479
KSP_035_10x403x552,ściana pionowa,fornir orzech mat,801 zł,,,,403,x,552
KSP_036_10x508x403,ściana pionowa,fornir orzech mat,739 zł,,,,508,x,403
KSP_037_10x183x552,ściana pionowa,fornir orzech mat,372 zł,,,,183,x,552
KSP_038_10x183x508,ściana pionowa,fornir orzech mat,343 zł,,,,183,x,508
KSP_039_10x258x552,ściana pionowa,fornir orzech mat,518 zł,,,,258,x,552
KSP_040_10x258x508,ściana pionowa,fornir orzech mat,478 zł,,,,258,x,508
KSP_041_10x79x154,ściana pionowa,fornir orzech mat,57 zł,,,,79,x,154
KSP_042_10x79x523,ściana pionowa,fornir orzech mat,161 zł,,,,79,x,523
KSP_043_10x154x154,ściana pionowa,fornir orzech mat,98 zł,,,,154,x,154
KSP_044_10x329x479,ściana pionowa,fornir orzech mat,572 zł,,,,329,x,479
KSP_045_10x420x479,ściana pionowa,fornir orzech mat,726 zł,,,,420,x,479
KSP_046_10x420x523,ściana pionowa,fornir orzech mat,792 zł,,,,420,x,523
KSP_047_10x479x479,ściana pionowa,fornir orzech mat,826 zł,,,,479,x,479
KSP_048_10x479x523,ściana pionowa,fornir orzech mat,901 zł,,,,479,x,523
KSP_049_10x479x729,ściana pionowa,fornir orzech mat,1 250 zł,,,,479,x,729
KSP_050_10x523x523,ściana pionowa,fornir orzech mat,982 zł,,,,523,x,523
KSP_051_10x523x729,ściana pionowa,fornir orzech mat,1 363 zł,,,,523,x,729
KSP_052_10x729x729,ściana pionowa,fornir orzech mat,1 895 zł,,,,729,x,729
KSP_053_10x449x508,ściana pionowa,fornir orzech mat,614 zł,,,,449,,508
KSP_054_10x449x552,ściana pionowa,fornir orzech mat,660 zł,,,,449,,552
KSP_055_10x479x374,ściana pionowa,fornir orzech mat,485 zł,,,,479,,374
KSP_056_10x358x386,ściana pionowa,fornir orzech mat,494 zł,,,,358,x,386
KSP_057_10x523x374,ściana pionowa,fornir orzech mat,524 zł,,,,523,x,374
KSP_058_10x523x154,ściana pionowa,fornir orzech mat,224 zł,,,,523,x,154
,,,,,,,Profil 1,x,Profil 2
KSP_001_10x258x108,ściana pionowa,fornir orzech polysk,173 zł,,,,229,x,79
KSP_002_10x258x183,ściana pionowa,fornir orzech polysk,256 zł,,,,229,x,154
KSP_003_10x258x258,ściana pionowa,fornir orzech polysk,339 zł,,,,229,x,229
KSP_004_10x258x358,ściana pionowa,fornir orzech polysk,450 zł,,,,229,x,329
KSP_005_10x258x403,ściana pionowa,fornir orzech polysk,498 zł,,,,229,x,374
KSP_006_10x258x449,ściana pionowa,fornir orzech polysk,549 zł,,,,229,x,420
KSP_007_10x358x108,ściana pionowa,fornir orzech polysk,228 zł,,,,329,x,79
KSP_008_10x358x183,ściana pionowa,fornir orzech polysk,339 zł,,,,329,x,154
KSP_009_10x358x358,ściana pionowa,fornir orzech polysk,597 zł,,,,329,x,329
KSP_010_10x358x403,ściana pionowa,fornir orzech polysk,664 zł,,,,329,x,374
KSP_011_10x358x449,ściana pionowa,fornir orzech polysk,730 zł,,,,329,x,420
KSP_012_10x403x108,ściana pionowa,fornir orzech polysk,252 zł,,,,374,x,79
KSP_013_10x403x183,ściana pionowa,fornir orzech polysk,376 zł,,,,374,x,154
KSP_014_10x403x358,ściana pionowa,fornir orzech polysk,664 zł,,,,374,x,329
KSP_015_10x403x403,ściana pionowa,fornir orzech polysk,738 zł,,,,374,x,374
KSP_016_10x403x449,ściana pionowa,fornir orzech polysk,813 zł,,,,374,x,420
KSP_017_10x449x108,ściana pionowa,fornir orzech polysk,276 zł,,,,420,x,79
KSP_018_10x449x183,ściana pionowa,fornir orzech polysk,413 zł,,,,420,x,154
KSP_019_10x449x449,ściana pionowa,fornir orzech polysk,896 zł,,,,420,x,420
KSP_020_10x508x108,ściana pionowa,fornir orzech polysk,308 zł,,,,479,x,79
KSP_021_10x508x183,ściana pionowa,fornir orzech polysk,461 zł,,,,479,x,154
KSP_022_10x108x758,ściana pionowa,fornir orzech polysk,442 zł,,,,79,x,729
KSP_023_10x183x758,ściana pionowa,fornir orzech polysk,666 zł,,,,154,x,729
KSP_024_10x258x758,ściana pionowa,fornir orzech polysk,889 zł,,,,229,x,729
KSP_025_10x358x758,ściana pionowa,fornir orzech polysk,1 186 zł,,,,329,x,729
KSP_026_10x403x758,ściana pionowa,fornir orzech polysk,1 321 zł,,,,374,x,729
KSP_027_10x449x758,ściana pionowa,fornir orzech polysk,1 457 zł,,,,420,x,729
KSP_028_10x258x386,ściana pionowa,fornir orzech polysk,479 zł,,,,229,x,357
KSP_029_10x358x552,ściana pionowa,fornir orzech polysk,883 zł,,,,329,x,523
KSP_030_10x258x552,ściana pionowa,fornir orzech polysk,662 zł,,,,229,x,523
KSP_031_10x258x369,ściana pionowa,fornir orzech polysk,461 zł,,,,229,x,340
KSP_032_10x247x508,ściana pionowa,fornir orzech polysk,592 zł,,,,218,x,479
KSP_033_10x108x108,ściana pionowa,fornir orzech polysk,94 zł,,,,79,x,79
KSP_034_10x258x508,ściana pionowa,fornir orzech polysk,614 zł,,,,229,x,479
KSP_035_10x403x552,ściana pionowa,fornir orzech polysk,1 177 zł,,,,403,x,552
KSP_036_10x508x403,ściana pionowa,fornir orzech polysk,1 085 zł,,,,508,x,403
KSP_037_10x183x552,ściana pionowa,fornir orzech polysk,543 zł,,,,183,x,552
KSP_038_10x183x508,ściana pionowa,fornir orzech polysk,500 zł,,,,183,x,508
KSP_039_10x258x552,ściana pionowa,fornir orzech polysk,759 zł,,,,258,x,552
KSP_040_10x258x508,ściana pionowa,fornir orzech polysk,700 zł,,,,258,x,508
KSP_041_10x79x154,ściana pionowa,fornir orzech polysk,78 zł,,,,79,x,154
KSP_042_10x79x523,ściana pionowa,fornir orzech polysk,230 zł,,,,79,x,523
KSP_043_10x154x154,ściana pionowa,fornir orzech polysk,138 zł,,,,154,x,154
KSP_044_10x329x479,ściana pionowa,fornir orzech polysk,838 zł,,,,329,x,479
KSP_045_10x420x479,ściana pionowa,fornir orzech polysk,1 066 zł,,,,420,x,479
KSP_046_10x420x523,ściana pionowa,fornir orzech polysk,1 163 zł,,,,420,x,523
KSP_047_10x479x479,ściana pionowa,fornir orzech polysk,1 214 zł,,,,479,x,479
KSP_048_10x479x523,ściana pionowa,fornir orzech polysk,1 324 zł,,,,479,x,523
KSP_049_10x479x729,ściana pionowa,fornir orzech polysk,1 840 zł,,,,479,x,729
KSP_050_10x523x523,ściana pionowa,fornir orzech polysk,1 445 zł,,,,523,x,523
KSP_051_10x523x729,ściana pionowa,fornir orzech polysk,2 008 zł,,,,523,x,729
KSP_052_10x729x729,ściana pionowa,fornir orzech polysk,2 793 zł,,,,729,x,729
KSP_053_10x449x508,ściana pionowa,fornir orzech polysk,1 001 zł,,,,449,x,508
KSP_054_10x449x552,ściana pionowa,fornir orzech polysk,1 081 zł,,,,449,x,552
KSP_055_10x479x374,ściana pionowa,fornir orzech polysk,789 zł,,,,479,x,374
KSP_056_10x358x386,ściana pionowa,fornir orzech polysk,806 zł,,,,358,x,386
KSP_057_10x523x374,ściana pionowa,fornir orzech polysk,856 zł,,,,523,x,374
KSP_058_10x523x154,ściana pionowa,fornir orzech polysk,360 zł,,,,523,x,154
,,,,,,,Profil 1,x,Profil 2
KSPO_001_12x362x262,półka - poziom,PC mat,214 zł,,,,329,x,229
KSPO_002_12x362x362,półka - poziom,PC mat,271 zł,,,,329,x,329
KSPO_003_12x362x407,półka - poziom,PC mat,297 zł,,,,329,x,374
KSPO_004_12x362x453,półka - poziom,PC mat,322 zł,,,,329,x,420
KSPO_005_12x362x512,półka - poziom,PC mat,356 zł,,,,329,x,479
KSPO_006_12x362x556,półka - poziom,PC mat,380 zł,,,,329,x,523
KSPO_007_12x362x762,półka - poziom,PC mat,498 zł,,,,329,x,729
KSPO_008_12x407x262,półka - poziom,PC mat,234 zł,,,,374,x,229
KSPO_009_12x407x407,półka - poziom,PC mat,324 zł,,,,374,x,374
KSPO_010_12x407x453,półka - poziom,PC mat,352 zł,,,,374,x,420
KSPO_011_12x407x512,półka - poziom,PC mat,389 zł,,,,374,x,479
KSPO_012_12x407x556,półka - poziom,PC mat,417 zł,,,,374,x,523
KSPO_013_12x407x762,półka - poziom,PC mat,544 zł,,,,374,x,729
KSPO_014_12x362x556,półka - poziom,PC mat,385 zł,,,,329,x,523
KSPO_015_12x407x373,półka - poziom,PC mat,308 zł,,,,374,x,340
KSPO_016_12x362x112,półka - poziom,PC mat,132 zł,,,,329,x,86
KSPO_017_12x362x625,półka - poziom,PC mat,426 zł,,,,329,x,592
,,,,,,,Profil 1,x,Profil 2
KSPO_001_12x362x262,półka - poziom,PC polysk,271 zł,,,,329,x,229
KSPO_002_12x362x362,półka - poziom,PC polysk,348 zł,,,,329,x,329
KSPO_003_12x362x407,półka - poziom,PC polysk,383 zł,,,,329,x,374
KSPO_004_12x362x453,półka - poziom,PC polysk,420 zł,,,,329,x,420
KSPO_005_12x362x512,półka - poziom,PC polysk,466 zł,,,,329,x,479
KSPO_006_12x362x556,półka - poziom,PC polysk,501 zł,,,,329,x,523
KSPO_007_12x362x762,półka - poziom,PC polysk,662 zł,,,,329,x,729
KSPO_008_12x407x262,półka - poziom,PC polysk,298 zł,,,,374,x,229
KSPO_009_12x407x407,półka - poziom,PC polysk,422 zł,,,,374,x,374
KSPO_010_12x407x453,półka - poziom,PC polysk,463 zł,,,,374,x,420
KSPO_011_12x407x512,półka - poziom,PC polysk,514 zł,,,,374,x,479
KSPO_012_12x407x556,półka - poziom,PC polysk,551 zł,,,,374,x,523
KSPO_013_12x407x762,półka - poziom,PC polysk,730 zł,,,,374,x,729
KSPO_014_12x362x556,półka - poziom,PC polysk,509 zł,,,,329,x,523
KSPO_015_12x407x373,półka - poziom,PC polysk,400 zł,,,,374,x,340
KSPO_016_12x362x112,półka - poziom,PC polysk,158 zł,,,,329,x,86
KSPO_017_12x362x625,półka - poziom,PC polysk,562 zł,,,,329,x,592
,,,,,,,Profil 1,x,Profil 2
KSPO_001_12x362x262,półka - poziom,fornir dab mat,276 zł,,,,329,x,229
KSPO_002_12x362x362,półka - poziom,fornir dab mat,358 zł,,,,329,x,329
KSPO_003_12x362x407,półka - poziom,fornir dab mat,393 zł,,,,329,x,374
KSPO_004_12x362x453,półka - poziom,fornir dab mat,429 zł,,,,329,x,420
KSPO_005_12x362x512,półka - poziom,fornir dab mat,477 zł,,,,329,x,479
KSPO_006_12x362x556,półka - poziom,fornir dab mat,512 zł,,,,329,x,523
KSPO_007_12x362x762,półka - poziom,fornir dab mat,679 zł,,,,329,x,729
KSPO_008_12x407x262,półka - poziom,fornir dab mat,304 zł,,,,374,x,229
KSPO_009_12x407x407,półka - poziom,fornir dab mat,433 zł,,,,374,x,374
KSPO_010_12x407x453,półka - poziom,fornir dab mat,474 zł,,,,374,x,420
KSPO_011_12x407x512,półka - poziom,fornir dab mat,527 zł,,,,374,x,479
KSPO_012_12x407x556,półka - poziom,fornir dab mat,566 zł,,,,374,x,523
KSPO_013_12x407x762,półka - poziom,fornir dab mat,749 zł,,,,374,x,729
KSPO_014_12x362x556,półka - poziom,fornir dab mat,522 zł,,,,329,x,523
KSPO_015_12x407x373,półka - poziom,fornir dab mat,409 zł,,,,374,x,340
KSPO_016_12x362x112,półka - poziom,fornir dab mat,160 zł,,,,329,x,86
KSPO_017_12x362x625,półka - poziom,fornir dab mat,577 zł,,,,329,x,592
,,,,,,,Profil 1,x,Profil 2
KSPO_001_12x362x262,półka - poziom,fornir orzech mat,291 zł,,,,329,x,229
KSPO_002_12x362x362,półka - poziom,fornir orzech mat,378 zł,,,,329,x,329
KSPO_003_12x362x407,półka - poziom,fornir orzech mat,417 zł,,,,329,x,374
KSPO_004_12x362x453,półka - poziom,fornir orzech mat,457 zł,,,,329,x,420
KSPO_005_12x362x512,półka - poziom,fornir orzech mat,509 zł,,,,329,x,479
KSPO_006_12x362x556,półka - poziom,fornir orzech mat,546 zł,,,,329,x,523
KSPO_007_12x362x762,półka - poziom,fornir orzech mat,725 zł,,,,329,x,729
KSPO_008_12x407x262,półka - poziom,fornir orzech mat,321 zł,,,,374,x,229
KSPO_009_12x407x407,półka - poziom,fornir orzech mat,472 zł,,,,374,x,374
KSPO_010_12x407x453,półka - poziom,fornir orzech mat,503 zł,,,,374,x,420
KSPO_011_12x407x512,półka - poziom,fornir orzech mat,560 zł,,,,374,x,479
KSPO_012_12x407x556,półka - poziom,fornir orzech mat,603 zł,,,,374,x,523
KSPO_013_12x407x762,półka - poziom,fornir orzech mat,800 zł,,,,374,x,729
KSPO_014_12x362x556,półka - poziom,fornir orzech mat,555 zł,,,,329,x,523
KSPO_015_12x407x373,półka - poziom,fornir orzech mat,435 zł,,,,374,x,340
KSPO_016_12x362x112,półka - poziom,fornir orzech mat,167 zł,,,,329,x,86
KSPO_017_12x362x625,półka - poziom,fornir orzech mat,614 zł,,,,329,x,592
,,,,,,,Profil 1,x,Profil 2
KSPO_001_12x362x262,półka - poziom,fornir orzech polysk,450 zł,,,,329,x,229
KSPO_002_12x362x362,półka - poziom,fornir orzech polysk,597 zł,,,,329,x,329
KSPO_003_12x362x407,półka - poziom,fornir orzech polysk,664 zł,,,,329,x,374
KSPO_004_12x362x453,półka - poziom,fornir orzech polysk,730 zł,,,,329,x,420
KSPO_005_12x362x512,półka - poziom,fornir orzech polysk,819 zł,,,,329,x,479
KSPO_006_12x362x556,półka - poziom,fornir orzech polysk,883 zł,,,,329,x,523
KSPO_007_12x362x762,półka - poziom,fornir orzech polysk,1 186 zł,,,,329,x,729
KSPO_008_12x407x262,półka - poziom,fornir orzech polysk,498 zł,,,,374,x,229
KSPO_009_12x407x407,półka - poziom,fornir orzech polysk,738 zł,,,,374,x,374
KSPO_010_12x407x453,półka - poziom,fornir orzech polysk,813 zł,,,,374,x,420
KSPO_011_12x407x512,półka - poziom,fornir orzech polysk,909 zł,,,,374,x,479
KSPO_012_12x407x556,półka - poziom,fornir orzech polysk,981 zł,,,,374,x,523
KSPO_013_12x407x762,półka - poziom,fornir orzech polysk,1 321 zł,,,,374,x,729
KSPO_014_12x362x556,półka - poziom,fornir orzech polysk,898 zł,,,,329,x,523
KSPO_015_12x407x373,półka - poziom,fornir orzech polysk,693 zł,,,,374,x,340
KSPO_016_12x362x112,półka - poziom,fornir orzech polysk,236 zł,,,,329,x,86
KSPO_017_12x362x625,półka - poziom,fornir orzech polysk,1 000 zł,,,,329,x,592
,,,,W jaki moduł wchodzi,,,,,
,,,,szerokość (profil),x,wysokosc (profil),x,głębokość (profil),
KSZ_001,Szuflada zewnętrzna,PC mat,1 069 zł,229,x,79,x,329 i 374,
KSZ_002,Szuflada zewnętrzna,PC mat,1 115 zł,329,x,79,x,329 i 374,
KSZ_003,Szuflada zewnętrzna,PC mat,1 135 zł,374,x,79,x,329 i 374,
KSZ_004,Szuflada zewnętrzna,PC mat,1 155 zł,420,x,79,x,329 i 374,
KSZ_005,Szuflada zewnętrzna,PC mat,1 181 zł,479,x,79,x,329 i 374,
KSZ_006,Szuflada zewnętrzna,PC mat,1 202 zł,523,x,79,x,329 i 374,
KSZ_007,Szuflada zewnętrzna,PC mat,1 296 zł,729,x,79,x,329 i 374,
KSZ_008,Szuflada zewnętrzna,PC mat,1 109 zł,229,x,154,x,329 i 374,
KSZ_009,Szuflada zewnętrzna,PC mat,1 165 zł,329,x,154,x,329 i 374,
KSZ_010,Szuflada zewnętrzna,PC mat,1 189 zł,374,x,154,x,329 i 374,
KSZ_011,Szuflada zewnętrzna,PC mat,1 215 zł,420,x,154,x,329 i 374,
KSZ_012,Szuflada zewnętrzna,PC mat,1 248 zł,479,x,154,x,329 i 374,
KSZ_013,Szuflada zewnętrzna,PC mat,1 272 zł,523,x,154,x,329 i 374,
KSZ_014,Szuflada zewnętrzna,PC mat,1 388 zł,729,x,154,x,329 i 374,
KSZ_015,Szuflada zewnętrzna,PC mat,1 146 zł,229,x,229,x,329 i 374,
KSZ_016,Szuflada zewnętrzna,PC mat,1 211 zł,329,x,229,x,329 i 374,
KSZ_017,Szuflada zewnętrzna,PC mat,1 240 zł,374,x,229,x,329 i 374,
KSZ_018,Szuflada zewnętrzna,PC mat,1 270 zł,420,x,229,x,329 i 374,
KSZ_019,Szuflada zewnętrzna,PC mat,1 307 zł,479,x,229,x,329 i 374,
KSZ_020,Szuflada zewnętrzna,PC mat,1 334 zł,523,x,229,x,329 i 374,
KSZ_021,Szuflada zewnętrzna,PC mat,1 467 zł,729,x,229,x,329 i 374,
KSZ_022,Szuflada zewnętrzna,PC mat,1 200 zł,229,x,329,x,329 i 374,
KSZ_023,Szuflada zewnętrzna,PC mat,1 275 zł,329,x,329,x,329 i 374,
KSZ_024,Szuflada zewnętrzna,PC mat,1 310 zł,374,x,329,x,329 i 374,
KSZ_025,Szuflada zewnętrzna,PC mat,1 346 zł,420,x,329,x,329 i 374,
KSZ_026,Szuflada zewnętrzna,PC mat,1 392 zł,479,x,329,x,329 i 374,
KSZ_027,Szuflada zewnętrzna,PC mat,1 425 zł,523,x,329,x,329 i 374,
KSZ_028,Szuflada zewnętrzna,PC mat,1 584 zł,729,x,329,x,329 i 374,
KSZ_029,Szuflada zewnętrzna,PC mat,1 226 zł,229,x,374,x,329 i 374,
KSZ_030,Szuflada zewnętrzna,PC mat,1 309 zł,329,x,374,x,329 i 374,
KSZ_031,Szuflada zewnętrzna,PC mat,1 346 zł,374,x,374,x,329 i 374,
KSZ_032,Szuflada zewnętrzna,PC mat,1 382 zł,420,x,374,x,329 i 374,
KSZ_033,Szuflada zewnętrzna,PC mat,1 432 zł,479,x,374,x,329 i 374,
KSZ_034,Szuflada zewnętrzna,PC mat,1 469 zł,523,x,374,x,329 i 374,
KSZ_035,Szuflada zewnętrzna,PC mat,1 639 zł,729,x,374,x,329 i 374,
KSZ_036,Szuflada zewnętrzna,PC mat,1 259 zł,229,x,420,x,329 i 374,
KSZ_037,Szuflada zewnętrzna,PC mat,1 349 zł,329,x,420,x,329 i 374,
KSZ_038,Szuflada zewnętrzna,PC mat,1 390 zł,374,x,420,x,329 i 374,
KSZ_039,Szuflada zewnętrzna,PC mat,1 430 zł,420,x,420,x,329 i 374,
KSZ_040,Szuflada zewnętrzna,PC mat,1 482 zł,479,x,420,x,329 i 374,
KSZ_041,Szuflada zewnętrzna,PC mat,1 523 zł,523,x,420,x,329 i 374,
KSZ_042,Szuflada zewnętrzna,PC mat,1 705 zł,729,x,420,x,329 i 374,
,,,,szerokość (profil),x,wysokosc (profil),x,głębokość (profil),
KSZ_001,Szuflada zewnętrzna,PC polysk,1 069 zł,229,x,79,x,329 i 374,
KSZ_002,Szuflada zewnętrzna,PC polysk,1 115 zł,329,x,79,x,329 i 374,
KSZ_003,Szuflada zewnętrzna,PC polysk,1 135 zł,374,x,79,x,329 i 374,
KSZ_004,Szuflada zewnętrzna,PC polysk,1 155 zł,420,x,79,x,329 i 374,
KSZ_005,Szuflada zewnętrzna,PC polysk,1 181 zł,479,x,79,x,329 i 374,
KSZ_006,Szuflada zewnętrzna,PC polysk,1 202 zł,523,x,79,x,329 i 374,
KSZ_007,Szuflada zewnętrzna,PC polysk,1 296 zł,729,x,79,x,329 i 374,
KSZ_008,Szuflada zewnętrzna,PC polysk,1 109 zł,229,x,154,x,329 i 374,
KSZ_009,Szuflada zewnętrzna,PC polysk,1 165 zł,329,x,154,x,329 i 374,
KSZ_010,Szuflada zewnętrzna,PC polysk,1 189 zł,374,x,154,x,329 i 374,
KSZ_011,Szuflada zewnętrzna,PC polysk,1 215 zł,420,x,154,x,329 i 374,
KSZ_012,Szuflada zewnętrzna,PC polysk,1 248 zł,479,x,154,x,329 i 374,
KSZ_013,Szuflada zewnętrzna,PC polysk,1 272 zł,523,x,154,x,329 i 374,
KSZ_014,Szuflada zewnętrzna,PC polysk,1 388 zł,729,x,154,x,329 i 374,
KSZ_015,Szuflada zewnętrzna,PC polysk,1 146 zł,229,x,229,x,329 i 374,
KSZ_016,Szuflada zewnętrzna,PC polysk,1 211 zł,329,x,229,x,329 i 374,
KSZ_017,Szuflada zewnętrzna,PC polysk,1 240 zł,374,x,229,x,329 i 374,
KSZ_018,Szuflada zewnętrzna,PC polysk,1 270 zł,420,x,229,x,329 i 374,
KSZ_019,Szuflada zewnętrzna,PC polysk,1 307 zł,479,x,229,x,329 i 374,
KSZ_020,Szuflada zewnętrzna,PC polysk,1 334 zł,523,x,229,x,329 i 374,
KSZ_021,Szuflada zewnętrzna,PC polysk,1 467 zł,729,x,229,x,329 i 374,
KSZ_022,Szuflada zewnętrzna,PC polysk,1 200 zł,229,x,329,x,329 i 374,
KSZ_023,Szuflada zewnętrzna,PC polysk,1 275 zł,329,x,329,x,329 i 374,
KSZ_024,Szuflada zewnętrzna,PC polysk,1 310 zł,374,x,329,x,329 i 374,
KSZ_025,Szuflada zewnętrzna,PC polysk,1 346 zł,420,x,329,x,329 i 374,
KSZ_026,Szuflada zewnętrzna,PC polysk,1 392 zł,479,x,329,x,329 i 374,
KSZ_027,Szuflada zewnętrzna,PC polysk,1 425 zł,523,x,329,x,329 i 374,
KSZ_028,Szuflada zewnętrzna,PC polysk,1 584 zł,729,x,329,x,329 i 374,
KSZ_029,Szuflada zewnętrzna,PC polysk,1 226 zł,229,x,374,x,329 i 374,
KSZ_030,Szuflada zewnętrzna,PC polysk,1 309 zł,329,x,374,x,329 i 374,
KSZ_031,Szuflada zewnętrzna,PC polysk,1 346 zł,374,x,374,x,329 i 374,
KSZ_032,Szuflada zewnętrzna,PC polysk,1 382 zł,420,x,374,x,329 i 374,
KSZ_033,Szuflada zewnętrzna,PC polysk,1 432 zł,479,x,374,x,329 i 374,
KSZ_034,Szuflada zewnętrzna,PC polysk,1 469 zł,523,x,374,x,329 i 374,
KSZ_035,Szuflada zewnętrzna,PC polysk,1 639 zł,729,x,374,x,329 i 374,
KSZ_036,Szuflada zewnętrzna,PC polysk,1 259 zł,229,x,420,x,329 i 374,
KSZ_037,Szuflada zewnętrzna,PC polysk,1 349 zł,329,x,420,x,329 i 374,
KSZ_038,Szuflada zewnętrzna,PC polysk,1 390 zł,374,x,420,x,329 i 374,
KSZ_039,Szuflada zewnętrzna,PC polysk,1 430 zł,420,x,420,x,329 i 374,
KSZ_040,Szuflada zewnętrzna,PC polysk,1 482 zł,479,x,420,x,329 i 374,
KSZ_041,Szuflada zewnętrzna,PC polysk,1 523 zł,523,x,420,x,329 i 374,
KSZ_042,Szuflada zewnętrzna,PC polysk,1 705 zł,729,x,420,x,329 i 374,
,,,,szerokość (profil),x,wysokosc (profil),x,głębokość (profil),
KSZ_001,Szuflada zewnętrzna,fornir dab mat,"1 099,00 zł",229,x,79,x,329 i 374,
KSZ_002,Szuflada zewnętrzna,fornir dab mat,"1 156,00 zł",329,x,79,x,329 i 374,
KSZ_003,Szuflada zewnętrzna,fornir dab mat,"1 182,00 zł",374,x,79,x,329 i 374,
KSZ_004,Szuflada zewnętrzna,fornir dab mat,"1 208,00 zł",420,x,79,x,329 i 374,
KSZ_005,Szuflada zewnętrzna,fornir dab mat,"1 242,00 zł",479,x,79,x,329 i 374,
KSZ_006,Szuflada zewnętrzna,fornir dab mat,"1 267,00 zł",523,x,79,x,329 i 374,
KSZ_007,Szuflada zewnętrzna,fornir dab mat,"1 384,00 zł",729,x,79,x,329 i 374,
KSZ_008,Szuflada zewnętrzna,fornir dab mat,"1 161,00 zł",229,x,154,x,329 i 374,
KSZ_009,Szuflada zewnętrzna,fornir dab mat,"1 236,00 zł",329,x,154,x,329 i 374,
KSZ_010,Szuflada zewnętrzna,fornir dab mat,"1 269,00 zł",374,x,154,x,329 i 374,
KSZ_011,Szuflada zewnętrzna,fornir dab mat,"1 303,00 zł",420,x,154,x,329 i 374,
KSZ_012,Szuflada zewnętrzna,fornir dab mat,"1 347,00 zł",479,x,154,x,329 i 374,
KSZ_013,Szuflada zewnętrzna,fornir dab mat,"1 380,00 zł",523,x,154,x,329 i 374,
KSZ_014,Szuflada zewnętrzna,fornir dab mat,"1 538,00 zł",729,x,154,x,329 i 374,
KSZ_015,Szuflada zewnętrzna,fornir dab mat,"1 218,00 zł",229,x,229,x,329 i 374,
KSZ_016,Szuflada zewnętrzna,fornir dab mat,"1 310,00 zł",329,x,229,x,329 i 374,
KSZ_017,Szuflada zewnętrzna,fornir dab mat,"1 351,00 zł",374,x,229,x,329 i 374,
KSZ_018,Szuflada zewnętrzna,fornir dab mat,"1 393,00 zł",420,x,229,x,329 i 374,
KSZ_019,Szuflada zewnętrzna,fornir dab mat,"1 448,00 zł",479,x,229,x,329 i 374,
KSZ_020,Szuflada zewnętrzna,fornir dab mat,"1 488,00 zł",523,x,229,x,329 i 374,
KSZ_021,Szuflada zewnętrzna,fornir dab mat,"1 677,00 zł",729,x,229,x,329 i 374,
KSZ_022,Szuflada zewnętrzna,fornir dab mat,"1 298,00 zł",229,x,329,x,329 i 374,
KSZ_023,Szuflada zewnętrzna,fornir dab mat,"1 413,00 zł",329,x,329,x,329 i 374,
KSZ_024,Szuflada zewnętrzna,fornir dab mat,"1 465,00 zł",374,x,329,x,329 i 374,
KSZ_025,Szuflada zewnętrzna,fornir dab mat,"1 518,00 zł",420,x,329,x,329 i 374,
KSZ_026,Szuflada zewnętrzna,fornir dab mat,"1 585,00 zł",479,x,329,x,329 i 374,
KSZ_027,Szuflada zewnętrzna,fornir dab mat,"1 636,00 zł",523,x,329,x,329 i 374,
KSZ_028,Szuflada zewnętrzna,fornir dab mat,"1 873,00 zł",729,x,329,x,329 i 374,
KSZ_029,Szuflada zewnętrzna,fornir dab mat,"1 337,00 zł",229,x,374,x,329 i 374,
KSZ_030,Szuflada zewnętrzna,fornir dab mat,"1 462,00 zł",329,x,374,x,329 i 374,
KSZ_031,Szuflada zewnętrzna,fornir dab mat,"1 519,00 zł",374,x,374,x,329 i 374,
KSZ_032,Szuflada zewnętrzna,fornir dab mat,"1 577,00 zł",420,x,374,x,329 i 374,
KSZ_033,Szuflada zewnętrzna,fornir dab mat,"1 651,00 zł",479,x,374,x,329 i 374,
KSZ_034,Szuflada zewnętrzna,fornir dab mat,"1 706,00 zł",523,x,374,x,329 i 374,
KSZ_035,Szuflada zewnętrzna,fornir dab mat,"1 964,00 zł",729,x,374,x,329 i 374,
KSZ_036,Szuflada zewnętrzna,fornir dab mat,"1 384,00 zł",229,x,420,x,329 i 374,
KSZ_037,Szuflada zewnętrzna,fornir dab mat,"1 521,00 zł",329,x,420,x,329 i 374,
KSZ_038,Szuflada zewnętrzna,fornir dab mat,"1 582,00 zł",374,x,420,x,329 i 374,
KSZ_039,Szuflada zewnętrzna,fornir dab mat,"1 645,00 zł",420,x,420,x,329 i 374,
KSZ_040,Szuflada zewnętrzna,fornir dab mat,"1 726,00 zł",479,x,420,x,329 i 374,
KSZ_041,Szuflada zewnętrzna,fornir dab mat,"1 786,00 zł",523,x,420,x,329 i 374,
KSZ_042,Szuflada zewnętrzna,fornir dab mat,"2 068,00 zł",729,x,420,x,329 i 374,
,,,,szerokość (profil),x,wysokosc (profil),x,głębokość (profil),
KSZ_001,Szuflada zewnętrzna,fornir orzech mat,1 105 zł,229,x,79,x,329 i 374,
KSZ_002,Szuflada zewnętrzna,fornir orzech mat,1 164 zł,329,x,79,x,329 i 374,
KSZ_003,Szuflada zewnętrzna,fornir orzech mat,1 191 zł,374,x,79,x,329 i 374,
KSZ_004,Szuflada zewnętrzna,fornir orzech mat,1 218 zł,420,x,79,x,329 i 374,
KSZ_005,Szuflada zewnętrzna,fornir orzech mat,1 253 zł,479,x,79,x,329 i 374,
KSZ_006,Szuflada zewnętrzna,fornir orzech mat,1 279 zł,523,x,79,x,329 i 374,
KSZ_007,Szuflada zewnętrzna,fornir orzech mat,1 401 zł,729,x,79,x,329 i 374,
KSZ_008,Szuflada zewnętrzna,fornir orzech mat,1 171 zł,229,x,154,x,329 i 374,
KSZ_009,Szuflada zewnętrzna,fornir orzech mat,1 249 zł,329,x,154,x,329 i 374,
KSZ_010,Szuflada zewnętrzna,fornir orzech mat,1 284 zł,374,x,154,x,329 i 374,
KSZ_011,Szuflada zewnętrzna,fornir orzech mat,1 320 zł,420,x,154,x,329 i 374,
KSZ_012,Szuflada zewnętrzna,fornir orzech mat,1 366 zł,479,x,154,x,329 i 374,
KSZ_013,Szuflada zewnętrzna,fornir orzech mat,1 401 zł,523,x,154,x,329 i 374,
KSZ_014,Szuflada zewnętrzna,fornir orzech mat,1 566 zł,729,x,154,x,329 i 374,
KSZ_015,Szuflada zewnętrzna,fornir orzech mat,1 232 zł,229,x,229,x,329 i 374,
KSZ_016,Szuflada zewnętrzna,fornir orzech mat,1 329 zł,329,x,229,x,329 i 374,
KSZ_017,Szuflada zewnętrzna,fornir orzech mat,1 373 zł,374,x,229,x,329 i 374,
KSZ_018,Szuflada zewnętrzna,fornir orzech mat,1 417 zł,420,x,229,x,329 i 374,
KSZ_019,Szuflada zewnętrzna,fornir orzech mat,1 474 zł,479,x,229,x,329 i 374,
KSZ_020,Szuflada zewnętrzna,fornir orzech mat,1 517 zł,523,x,229,x,329 i 374,
KSZ_021,Szuflada zewnętrzna,fornir orzech mat,1 717 zł,729,x,229,x,329 i 374,
KSZ_022,Szuflada zewnętrzna,fornir orzech mat,1 317 zł,229,x,329,x,329 i 374,
KSZ_023,Szuflada zewnętrzna,fornir orzech mat,1 439 zł,329,x,329,x,329 i 374,
KSZ_024,Szuflada zewnętrzna,fornir orzech mat,1 494 zł,374,x,329,x,329 i 374,
KSZ_025,Szuflada zewnętrzna,fornir orzech mat,1 550 zł,420,x,329,x,329 i 374,
KSZ_026,Szuflada zewnętrzna,fornir orzech mat,1 623 zł,479,x,329,x,329 i 374,
KSZ_027,Szuflada zewnętrzna,fornir orzech mat,1 676 zł,523,x,329,x,329 i 374,
KSZ_028,Szuflada zewnętrzna,fornir orzech mat,1 928 zł,729,x,329,x,329 i 374,
KSZ_029,Szuflada zewnętrzna,fornir orzech mat,1 358 zł,229,x,374,x,329 i 374,
KSZ_030,Szuflada zewnętrzna,fornir orzech mat,1 492 zł,329,x,374,x,329 i 374,
KSZ_031,Szuflada zewnętrzna,fornir orzech mat,1 552 zł,374,x,374,x,329 i 374,
KSZ_032,Szuflada zewnętrzna,fornir orzech mat,1 613 zł,420,x,374,x,329 i 374,
KSZ_033,Szuflada zewnętrzna,fornir orzech mat,1 692 zł,479,x,374,x,329 i 374,
KSZ_034,Szuflada zewnętrzna,fornir orzech mat,1 751 zł,523,x,374,x,329 i 374,
KSZ_035,Szuflada zewnętrzna,fornir orzech mat,2 026 zł,729,x,374,x,329 i 374,
KSZ_036,Szuflada zewnętrzna,fornir orzech mat,1 408 zł,229,x,420,x,329 i 374,
KSZ_037,Szuflada zewnętrzna,fornir orzech mat,1 554 zł,329,x,420,x,329 i 374,
KSZ_038,Szuflada zewnętrzna,fornir orzech mat,1 619 zł,374,x,420,x,329 i 374,
KSZ_039,Szuflada zewnętrzna,fornir orzech mat,1 686 zł,420,x,420,x,329 i 374,
KSZ_040,Szuflada zewnętrzna,fornir orzech mat,1 773 zł,479,x,420,x,329 i 374,
KSZ_041,Szuflada zewnętrzna,fornir orzech mat,1 837 zł,523,x,420,x,329 i 374,
KSZ_042,Szuflada zewnętrzna,fornir orzech mat,2 137 zł,729,x,420,x,329 i 374,
,,,,szerokość (profil),x,wysokosc (profil),x,głębokość (profil),
KSZ_001,Szuflada zewnętrzna,fornir orzech polysk,1 123 zł,229,x,79,x,329 i 374,
KSZ_002,Szuflada zewnętrzna,fornir orzech polysk,1 189 zł,329,x,79,x,329 i 374,
KSZ_003,Szuflada zewnętrzna,fornir orzech polysk,1 218 zł,374,x,79,x,329 i 374,
KSZ_004,Szuflada zewnętrzna,fornir orzech polysk,1 249 zł,420,x,79,x,329 i 374,
KSZ_005,Szuflada zewnętrzna,fornir orzech polysk,1 288 zł,479,x,79,x,329 i 374,
KSZ_006,Szuflada zewnętrzna,fornir orzech polysk,1 317 zł,523,x,79,x,329 i 374,
KSZ_007,Szuflada zewnętrzna,fornir orzech polysk,1 453 zł,729,x,79,x,329 i 374,
KSZ_008,Szuflada zewnętrzna,fornir orzech polysk,1 200 zł,229,x,154,x,329 i 374,
KSZ_009,Szuflada zewnętrzna,fornir orzech polysk,1 290 zł,329,x,154,x,329 i 374,
KSZ_010,Szuflada zewnętrzna,fornir orzech polysk,1 330 zł,374,x,154,x,329 i 374,
KSZ_011,Szuflada zewnętrzna,fornir orzech polysk,1 371 zł,420,x,154,x,329 i 374,
KSZ_012,Szuflada zewnętrzna,fornir orzech polysk,1 424 zł,479,x,154,x,329 i 374,
KSZ_013,Szuflada zewnętrzna,fornir orzech polysk,1 464 zł,523,x,154,x,329 i 374,
KSZ_014,Szuflada zewnętrzna,fornir orzech polysk,1 653 zł,729,x,154,x,329 i 374,
KSZ_015,Szuflada zewnętrzna,fornir orzech polysk,1 274 zł,229,x,229,x,329 i 374,
KSZ_016,Szuflada zewnętrzna,fornir orzech polysk,1 386 zł,329,x,229,x,329 i 374,
KSZ_017,Szuflada zewnętrzna,fornir orzech polysk,1 437 zł,374,x,229,x,329 i 374,
KSZ_018,Szuflada zewnętrzna,fornir orzech polysk,1 489 zł,420,x,229,x,329 i 374,
KSZ_019,Szuflada zewnętrzna,fornir orzech polysk,1 556 zł,479,x,229,x,329 i 374,
KSZ_020,Szuflada zewnętrzna,fornir orzech polysk,1 605 zł,523,x,229,x,329 i 374,
KSZ_021,Szuflada zewnętrzna,fornir orzech polysk,1 838 zł,729,x,229,x,329 i 374,
KSZ_022,Szuflada zewnętrzna,fornir orzech polysk,1 375 zł,229,x,329,x,329 i 374,
KSZ_023,Szuflada zewnętrzna,fornir orzech polysk,1 519 zł,329,x,329,x,329 i 374,
KSZ_024,Szuflada zewnętrzna,fornir orzech polysk,1 584 zł,374,x,329,x,329 i 374,
KSZ_025,Szuflada zewnętrzna,fornir orzech polysk,1 650 zł,420,x,329,x,329 i 374,
KSZ_026,Szuflada zewnętrzna,fornir orzech polysk,1 735 zł,479,x,329,x,329 i 374,
KSZ_027,Szuflada zewnętrzna,fornir orzech polysk,1 798 zł,523,x,329,x,329 i 374,
KSZ_028,Szuflada zewnętrzna,fornir orzech polysk,2 095 zł,729,x,329,x,329 i 374,
KSZ_029,Szuflada zewnętrzna,fornir orzech polysk,1 423 zł,229,x,374,x,329 i 374,
KSZ_030,Szuflada zewnętrzna,fornir orzech polysk,1 581 zł,329,x,374,x,329 i 374,
KSZ_031,Szuflada zewnętrzna,fornir orzech polysk,1 652 zł,374,x,374,x,329 i 374,
KSZ_032,Szuflada zewnętrzna,fornir orzech polysk,1 725 zł,420,x,374,x,329 i 374,
KSZ_033,Szuflada zewnętrzna,fornir orzech polysk,1 819 zł,479,x,374,x,329 i 374,
KSZ_034,Szuflada zewnętrzna,fornir orzech polysk,1 888 zł,523,x,374,x,329 i 374,
KSZ_035,Szuflada zewnętrzna,fornir orzech polysk,2 215 zł,729,x,374,x,329 i 374,
KSZ_036,Szuflada zewnętrzna,fornir orzech polysk,1 479 zł,229,x,420,x,329 i 374,
KSZ_037,Szuflada zewnętrzna,fornir orzech polysk,1 653 zł,329,x,420,x,329 i 374,
KSZ_038,Szuflada zewnętrzna,fornir orzech polysk,1 731 zł,374,x,420,x,329 i 374,
KSZ_039,Szuflada zewnętrzna,fornir orzech polysk,1 811 zł,420,x,420,x,329 i 374,
KSZ_040,Szuflada zewnętrzna,fornir orzech polysk,1 913 zł,479,x,420,x,329 i 374,
KSZ_041,Szuflada zewnętrzna,fornir orzech polysk,1 989 zł,523,x,420,x,329 i 374,
KSZ_042,Szuflada zewnętrzna,fornir orzech polysk,2 347 zł,729,x,420,x,329 i 374,