nazwa;nazwa og??lna ;kolor;Cena brutto:;szerokosc profilu1;szerokosc profilu2;width;height
KLAGEM FOOT2;Foot 2;9005;111;;;;
KLAGEM FOOT2;Foot 2;bronze;116;;;;
KLAGEM FOOT2;Foot 2;gold;116;;;;
UCHWYT STA?ÅY;;;78;;;;
KK_003_lacznik 3;Kolano 3;9005;93;;;;
KK_004_lacznik 4;Kolano 4;9005;95;;;;
KK_005_lacznik 5;Kolano 5;9005;97;;;;
KP_009_profil 65;Profil 65;9005;40;;;;
KP_001_profil 79;Profil 79;9005;40;;;;
KP_002_profil 154;Profil 154;9005;40;;;;
KP_003_profil 229;Profil 229;9005;44;;;;
KP_004_profil 329;Profil 329;9005;47;;;;
KP_005_profil 374;Profil 374;9005;49;;;;
KP_010_profil 420;Profil 420;9005;50;;;;
KP_006_profil 479;Profil 479;9005;56;;;;
KP_007_profil 523;Profil 523;9005;52;;;;
KP_008_profil 729;Profil 729;9005;53;;;;
KK_003_lacznik 3;Kolano 3;bronze;98;;;;
KK_004_lacznik 4;Kolano 4;bronze;100;;;;
KK_005_lacznik 5;Kolano 5;bronze;102;;;;
KP_009_profil 65;Profil 65;bronze;45;;;;
KP_001_profil 79;Profil 79;bronze;45;;;;
KP_002_profil 154;Profil 154;bronze;45;;;;
KP_003_profil 229;Profil 229;bronze;48;;;;
KP_004_profil 329;Profil 329;bronze;52;;;;
KP_005_profil 374;Profil 374;bronze;54;;;;
KP_010_profil 420;Profil 420;bronze;55;;;;
KP_006_profil 479;Profil 479;bronze;60;;;;
KP_007_profil 523;Profil 523;bronze;57;;;;
KP_008_profil 729;Profil 729;bronze;58;;;;
KK_003_lacznik 3;Kolano 3;gold;98;;;;
KK_004_lacznik 4;Kolano 4;gold;100;;;;
KK_005_lacznik 5;Kolano 5;gold;102;;;;
KP_009_profil 65;Profil 65;gold;45;;;;
KP_001_profil 79;Profil 79;gold;45;;;;
KP_002_profil 154;Profil 154;gold;45;;;;
KP_003_profil 229;Profil 229;gold;48;;;;
KP_004_profil 329;Profil 329;gold;52;;;;
KP_005_profil 374;Profil 374;gold;54;;;;
KP_010_profil 420;Profil 420;gold;55;;;;
KP_006_profil 479;Profil 479;gold;60;;;;
KP_007_profil 523;Profil 523;gold;57;;;;
KP_008_profil 729;Profil 729;gold;58;229;79;;
KSP_001_10x258x108;?õciana pionowa;PC mat;103;229;154;;
KSP_002_10x258x183;?õciana pionowa;PC mat;136;229;229;;
KSP_003_10x258x258;?õciana pionowa;PC mat;169;229;329;;
KSP_004_10x258x358;?õciana pionowa;PC mat;214;229;374;;
KSP_005_10x258x403;?õciana pionowa;PC mat;234;229;420;;
KSP_006_10x258x449;?õciana pionowa;PC mat;254;329;79;;
KSP_007_10x358x108;?õciana pionowa;PC mat;129;329;154;;
KSP_008_10x358x183;?õciana pionowa;PC mat;171;329;329;;
KSP_009_10x358x358;?õciana pionowa;PC mat;271;329;374;;
KSP_010_10x358x403;?õciana pionowa;PC mat;297;329;420;;
KSP_011_10x358x449;?õciana pionowa;PC mat;322;374;79;;
KSP_012_10x403x108;?õciana pionowa;PC mat;142;374;154;;
KSP_013_10x403x183;?õciana pionowa;PC mat;188;374;329;;
KSP_014_10x403x358;?õciana pionowa;PC mat;297;374;374;;
KSP_015_10x403x403;?õciana pionowa;PC mat;324;374;420;;
KSP_016_10x403x449;?õciana pionowa;PC mat;352;420;79;;
KSP_017_10x449x108;?õciana pionowa;PC mat;153;420;154;;
KSP_018_10x449x183;?õciana pionowa;PC mat;204;420;420;;
KSP_019_10x449x449;?õciana pionowa;PC mat;383;479;79;;
KSP_020_10x508x108;?õciana pionowa;PC mat;169;479;154;;
KSP_021_10x508x183;?õciana pionowa;PC mat;225;79;729;;
KSP_022_10x108x758;?õciana pionowa;PC mat;236;154;729;;
KSP_023_10x183x758;?õciana pionowa;PC mat;313;229;729;;
KSP_024_10x258x758;?õciana pionowa;PC mat;393;329;729;;
KSP_025_10x358x758;?õciana pionowa;PC mat;498;374;729;;
KSP_026_10x403x758;?õciana pionowa;PC mat;544;420;729;;
KSP_028_10x258x386;?õciana pionowa;PC mat;227;329;523;;
KSP_029_10x358x552;?õciana pionowa;PC mat;380;229;523;;
KSP_033_10x108x108;?õciana pionowa;PC mat;64;229;479;;
KSP_040_10x258x508;?õciana pionowa;PC mat;282;79;154;;
KSP_041_10x79x154;?õciana pionowa;PC mat;66;79;523;;
KSP_042_10x79x523;?õciana pionowa;PC mat;151;154;154;;
KSP_043_10x154x154;?õciana pionowa;PC mat;90;329;479;;
KSP_044_10x329x479;?õciana pionowa;PC mat;319;420;479;;
KSP_045_10x420x479;?õciana pionowa;PC mat;383;420;523;;
KSP_046_10x420x523;?õciana pionowa;PC mat;411;479;479;;
KSP_047_10x479x479;?õciana pionowa;PC mat;426;479;523;;
KSP_048_10x479x523;?õciana pionowa;PC mat;457;479;729;;
KSP_049_10x479x729;?õciana pionowa;PC mat;603;523;523;;
KSP_050_10x523x523;?õciana pionowa;PC mat;490;523;729;;
KSP_051_10x523x729;?õciana pionowa;PC mat;647;729;729;;
KSP_052_10x729x729;?õciana pionowa;PC mat;856;229;79;;
KSP_001_10x258x108;?õciana pionowa;PC polysk;120;229;154;;
KSP_002_10x258x183;?õciana pionowa;PC polysk;166;229;229;;
KSP_003_10x258x258;?õciana pionowa;PC polysk;210;229;329;;
KSP_004_10x258x358;?õciana pionowa;PC polysk;271;229;374;;
KSP_005_10x258x403;?õciana pionowa;PC polysk;298;229;420;;
KSP_006_10x258x449;?õciana pionowa;PC polysk;326;329;79;;
KSP_007_10x358x108;?õciana pionowa;PC polysk;153;329;154;;
KSP_008_10x358x183;?õciana pionowa;PC polysk;212;329;329;;
KSP_009_10x358x358;?õciana pionowa;PC polysk;348;329;374;;
KSP_010_10x358x403;?õciana pionowa;PC polysk;383;329;420;;
KSP_011_10x358x449;?õciana pionowa;PC polysk;420;374;79;;
KSP_012_10x403x108;?õciana pionowa;PC polysk;167;374;154;;
KSP_013_10x403x183;?õciana pionowa;PC polysk;232;374;329;;
KSP_014_10x403x358;?õciana pionowa;PC polysk;383;374;374;;
KSP_015_10x403x403;?õciana pionowa;PC polysk;422;374;420;;
KSP_016_10x403x449;?õciana pionowa;PC polysk;463;420;79;;
KSP_017_10x449x108;?õciana pionowa;PC polysk;182;420;154;;
KSP_018_10x449x183;?õciana pionowa;PC polysk;254;420;420;;
KSP_019_10x449x449;?õciana pionowa;PC polysk;507;479;79;;
KSP_020_10x508x108;?õciana pionowa;PC polysk;203;479;154;;
KSP_021_10x508x183;?õciana pionowa;PC polysk;282;79;729;;
KSP_022_10x108x758;?õciana pionowa;PC polysk;286;154;729;;
KSP_023_10x183x758;?õciana pionowa;PC polysk;398;229;729;;
KSP_024_10x258x758;?õciana pionowa;PC polysk;511;329;729;;
KSP_025_10x358x758;?õciana pionowa;PC polysk;662;374;729;;
KSP_026_10x403x758;?õciana pionowa;PC polysk;730;420;729;;
KSP_027_10x449x758;?õciana pionowa;PC polysk;800;229;357;;
KSP_028_10x258x386;?õciana pionowa;PC polysk;287;329;523;;
KSP_029_10x358x552;?õciana pionowa;PC polysk;501;229;523;;
KSP_032_10x247x508;?õciana pionowa;PC polysk;348;79;79;;
KSP_033_10x108x108;?õciana pionowa;PC polysk;70;229;479;;
KSP_040_10x258x508;?õciana pionowa;PC polysk;361;79;154;;
KSP_041_10x79x154;?õciana pionowa;PC polysk;73;79;523;;
KSP_042_10x79x523;?õciana pionowa;PC polysk;177;154;154;;
KSP_043_10x154x154;?õciana pionowa;PC polysk;105;329;479;;
KSP_044_10x329x479;?õciana pionowa;PC polysk;415;420;479;;
KSP_045_10x420x479;?õciana pionowa;PC polysk;505;420;523;;
KSP_046_10x420x523;?õciana pionowa;PC polysk;546;479;479;;
KSP_047_10x479x479;?õciana pionowa;PC polysk;564;479;523;;
KSP_048_10x479x523;?õciana pionowa;PC polysk;608;479;729;;
KSP_049_10x479x729;?õciana pionowa;PC polysk;815;523;523;;
KSP_050_10x523x523;?õciana pionowa;PC polysk;656;523;729;;
KSP_051_10x523x729;?õciana pionowa;PC polysk;880;729;729;;
KSP_052_10x729x729;?õciana pionowa;PC polysk;1180;229;79;;
KSP_001_10x258x108;?õciana pionowa;fornir dab mat;121;229;154;;
KSP_002_10x258x183;?õciana pionowa;fornir dab mat;167;229;229;;
KSP_003_10x258x258;?õciana pionowa;fornir dab mat;214;229;329;;
KSP_004_10x258x358;?õciana pionowa;fornir dab mat;276;229;374;;
KSP_005_10x258x403;?õciana pionowa;fornir dab mat;304;229;420;;
KSP_006_10x258x449;?õciana pionowa;fornir dab mat;332;329;79;;
KSP_007_10x358x108;?õciana pionowa;fornir dab mat;155;329;154;;
KSP_008_10x358x183;?õciana pionowa;fornir dab mat;215;329;329;;
KSP_009_10x358x358;?õciana pionowa;fornir dab mat;358;329;374;;
KSP_010_10x358x403;?õciana pionowa;fornir dab mat;393;329;420;;
KSP_011_10x358x449;?õciana pionowa;fornir dab mat;429;374;79;;
KSP_012_10x403x108;?õciana pionowa;fornir dab mat;171;374;154;;
KSP_013_10x403x183;?õciana pionowa;fornir dab mat;238;374;329;;
KSP_014_10x403x358;?õciana pionowa;fornir dab mat;393;374;374;;
KSP_015_10x403x403;?õciana pionowa;fornir dab mat;433;374;420;;
KSP_016_10x403x449;?õciana pionowa;fornir dab mat;474;420;79;;
KSP_017_10x449x108;?õciana pionowa;fornir dab mat;186;420;154;;
KSP_018_10x449x183;?õciana pionowa;fornir dab mat;260;420;420;;
KSP_019_10x449x449;?õciana pionowa;fornir dab mat;520;479;79;;
KSP_020_10x508x108;?õciana pionowa;fornir dab mat;206;479;154;;
KSP_021_10x508x183;?õciana pionowa;fornir dab mat;287;79;729;;
KSP_022_10x108x758;?õciana pionowa;fornir dab mat;289;154;729;;
KSP_023_10x183x758;?õciana pionowa;fornir dab mat;407;229;729;;
KSP_024_10x258x758;?õciana pionowa;fornir dab mat;524;329;729;;
KSP_025_10x358x758;?õciana pionowa;fornir dab mat;679;374;729;;
KSP_026_10x403x758;?õciana pionowa;fornir dab mat;749;420;729;;
KSP_028_10x258x386;?õciana pionowa;fornir dab mat;293;329;523;;
KSP_029_10x358x552;?õciana pionowa;fornir dab mat;512;229;523;;
KSP_032_10x247x508;?õciana pionowa;fornir dab mat;358;79;79;;
KSP_033_10x108x108;?õciana pionowa;fornir dab mat;72;229;479;;
KSP_040_10x258x508;?õciana pionowa;fornir dab mat;454;79;154;;
KSP_041_10x79x154;?õciana pionowa;fornir dab mat;55;79;523;;
KSP_042_10x79x523;?õciana pionowa;fornir dab mat;153;154;154;;
KSP_043_10x154x154;?õciana pionowa;fornir dab mat;94;329;479;;
KSP_044_10x329x479;?õciana pionowa;fornir dab mat;544;420;479;;
KSP_045_10x420x479;?õciana pionowa;fornir dab mat;690;420;523;;
KSP_046_10x420x523;?õciana pionowa;fornir dab mat;752;479;479;;
KSP_047_10x479x479;?õciana pionowa;fornir dab mat;785;479;523;;
KSP_048_10x479x523;?õciana pionowa;fornir dab mat;856;479;729;;
KSP_049_10x479x729;?õciana pionowa;fornir dab mat;1187;523;523;;
KSP_050_10x523x523;?õciana pionowa;fornir dab mat;933;523;729;;
KSP_051_10x523x729;?õciana pionowa;fornir dab mat;1295;729;729;;
KSP_052_10x729x729;?õciana pionowa;fornir dab mat;1799;229;79;;
KSP_001_10x258x108;?õciana pionowa;fornir orzech mat;127;229;154;;
KSP_002_10x258x183;?õciana pionowa;fornir orzech mat;177;229;229;;
KSP_003_10x258x258;?õciana pionowa;fornir orzech mat;225;229;329;;
KSP_004_10x258x358;?õciana pionowa;fornir orzech mat;291;229;374;;
KSP_005_10x258x403;?õciana pionowa;fornir orzech mat;321;229;420;;
KSP_006_10x258x449;?õciana pionowa;fornir orzech mat;352;329;79;;
KSP_007_10x358x108;?õciana pionowa;fornir orzech mat;162;329;154;;
KSP_008_10x358x183;?õciana pionowa;fornir orzech mat;227;329;329;;
KSP_009_10x358x358;?õciana pionowa;fornir orzech mat;378;329;374;;
KSP_010_10x358x403;?õciana pionowa;fornir orzech mat;417;329;420;;
KSP_011_10x358x449;?õciana pionowa;fornir orzech mat;457;374;79;;
KSP_012_10x403x108;?õciana pionowa;fornir orzech mat;179;374;154;;
KSP_013_10x403x183;?õciana pionowa;fornir orzech mat;249;374;329;;
KSP_014_10x403x358;?õciana pionowa;fornir orzech mat;417;374;374;;
KSP_015_10x403x403;?õciana pionowa;fornir orzech mat;461;374;420;;
KSP_016_10x403x449;?õciana pionowa;fornir orzech mat;503;420;79;;
KSP_017_10x449x108;?õciana pionowa;fornir orzech mat;193;420;154;;
KSP_018_10x449x183;?õciana pionowa;fornir orzech mat;273;420;420;;
KSP_019_10x449x449;?õciana pionowa;fornir orzech mat;553;479;79;;
KSP_020_10x508x108;?õciana pionowa;fornir orzech mat;215;479;154;;
KSP_021_10x508x183;?õciana pionowa;fornir orzech mat;302;79;729;;
KSP_022_10x108x758;?õciana pionowa;fornir orzech mat;304;154;729;;
KSP_023_10x183x758;?õciana pionowa;fornir orzech mat;429;229;729;;
KSP_024_10x258x758;?õciana pionowa;fornir orzech mat;557;329;729;;
KSP_025_10x358x758;?õciana pionowa;fornir orzech mat;725;374;729;;
KSP_026_10x403x758;?õciana pionowa;fornir orzech mat;800;420;729;;
KSP_028_10x258x386;?õciana pionowa;fornir orzech mat;310;329;523;;
KSP_029_10x358x552;?õciana pionowa;fornir orzech mat;546;229;523;;
KSP_030_10x258x552;?õciana pionowa;fornir orzech mat;420;229;340;;
KSP_031_10x258x369;?õciana pionowa;fornir orzech mat;298;218;479;;
KSP_032_10x247x508;?õciana pionowa;fornir orzech mat;378;79;79;;
KSP_033_10x108x108;?õciana pionowa;fornir orzech mat;73;229;479;;
KSP_040_10x258x508;?õciana pionowa;fornir orzech mat;478;79;154;;
KSP_041_10x79x154;?õciana pionowa;fornir orzech mat;57;79;523;;
KSP_042_10x79x523;?õciana pionowa;fornir orzech mat;161;154;154;;
KSP_043_10x154x154;?õciana pionowa;fornir orzech mat;98;329;479;;
KSP_044_10x329x479;?õciana pionowa;fornir orzech mat;572;420;479;;
KSP_045_10x420x479;?õciana pionowa;fornir orzech mat;726;420;523;;
KSP_046_10x420x523;?õciana pionowa;fornir orzech mat;792;479;479;;
KSP_047_10x479x479;?õciana pionowa;fornir orzech mat;826;479;523;;
KSP_048_10x479x523;?õciana pionowa;fornir orzech mat;901;479;729;;
KSP_049_10x479x729;?õciana pionowa;fornir orzech mat;1250;523;523;;
KSP_050_10x523x523;?õciana pionowa;fornir orzech mat;982;523;729;;
KSP_051_10x523x729;?õciana pionowa;fornir orzech mat;1363;729;729;;
KSP_052_10x729x729;?õciana pionowa;fornir orzech mat;1895;229;79;;
KSP_001_10x258x108;?õciana pionowa;fornir orzech polysk;173;229;154;;
KSP_002_10x258x183;?õciana pionowa;fornir orzech polysk;256;229;229;;
KSP_003_10x258x258;?õciana pionowa;fornir orzech polysk;339;229;329;;
KSP_004_10x258x358;?õciana pionowa;fornir orzech polysk;450;229;374;;
KSP_005_10x258x403;?õciana pionowa;fornir orzech polysk;498;229;420;;
KSP_006_10x258x449;?õciana pionowa;fornir orzech polysk;549;329;79;;
KSP_007_10x358x108;?õciana pionowa;fornir orzech polysk;228;329;154;;
KSP_008_10x358x183;?õciana pionowa;fornir orzech polysk;339;329;329;;
KSP_009_10x358x358;?õciana pionowa;fornir orzech polysk;597;329;374;;
KSP_010_10x358x403;?õciana pionowa;fornir orzech polysk;664;329;420;;
KSP_011_10x358x449;?õciana pionowa;fornir orzech polysk;730;374;79;;
KSP_012_10x403x108;?õciana pionowa;fornir orzech polysk;252;374;154;;
KSP_013_10x403x183;?õciana pionowa;fornir orzech polysk;376;374;329;;
KSP_014_10x403x358;?õciana pionowa;fornir orzech polysk;664;374;374;;
KSP_015_10x403x403;?õciana pionowa;fornir orzech polysk;738;374;420;;
KSP_016_10x403x449;?õciana pionowa;fornir orzech polysk;813;420;79;;
KSP_017_10x449x108;?õciana pionowa;fornir orzech polysk;276;420;154;;
KSP_018_10x449x183;?õciana pionowa;fornir orzech polysk;413;420;420;;
KSP_019_10x449x449;?õciana pionowa;fornir orzech polysk;896;479;79;;
KSP_020_10x508x108;?õciana pionowa;fornir orzech polysk;308;479;154;;
KSP_021_10x508x183;?õciana pionowa;fornir orzech polysk;461;79;729;;
KSP_022_10x108x758;?õciana pionowa;fornir orzech polysk;442;154;729;;
KSP_023_10x183x758;?õciana pionowa;fornir orzech polysk;666;229;729;;
KSP_024_10x258x758;?õciana pionowa;fornir orzech polysk;889;329;729;;
KSP_025_10x358x758;?õciana pionowa;fornir orzech polysk;1186;374;729;;
KSP_026_10x403x758;?õciana pionowa;fornir orzech polysk;1321;420;729;;
KSP_028_10x258x386;?õciana pionowa;fornir orzech polysk;479;329;523;;
KSP_029_10x358x552;?õciana pionowa;fornir orzech polysk;883;229;523;;
KSP_032_10x247x508;?õciana pionowa;fornir orzech polysk;592;79;79;;
KSP_033_10x108x108;?õciana pionowa;fornir orzech polysk;94;229;479;;
KSP_040_10x258x508;?õciana pionowa;fornir orzech polysk;700;79;154;;
KSP_041_10x79x154;?õciana pionowa;fornir orzech polysk;78;79;523;;
KSP_042_10x79x523;?õciana pionowa;fornir orzech polysk;230;154;154;;
KSP_043_10x154x154;?õciana pionowa;fornir orzech polysk;138;329;479;;
KSP_044_10x329x479;?õciana pionowa;fornir orzech polysk;838;420;479;;
KSP_045_10x420x479;?õciana pionowa;fornir orzech polysk;1066;420;523;;
KSP_046_10x420x523;?õciana pionowa;fornir orzech polysk;1163;479;479;;
KSP_047_10x479x479;?õciana pionowa;fornir orzech polysk;1214;479;523;;
KSP_048_10x479x523;?õciana pionowa;fornir orzech polysk;1324;479;729;;
KSP_049_10x479x729;?õciana pionowa;fornir orzech polysk;1840;523;523;;
KSP_050_10x523x523;?õciana pionowa;fornir orzech polysk;1445;523;729;;
KSP_051_10x523x729;?õciana pionowa;fornir orzech polysk;2008;729;729;;
KSP_052_10x729x729;?õciana pionowa;fornir orzech polysk;2793;329;229;;
KSP_057_10x523x374;?õciana pionowa;PC mat;361;374;523;;
KSP_058_10x523x154;?õciana pionowa;PC mat;157;154;523;;
KSP_055_10x479x374;?õciana pionowa;PC mat;336;479;374;;
KSPO_001_12x362x262;p???Çka - poziom;PC mat;214;329;329;;
KSPO_002_12x362x362;p???Çka - poziom;PC mat;271;329;374;;
KSPO_003_12x362x407;p???Çka - poziom;PC mat;297;329;420;;
KSPO_004_12x362x453;p???Çka - poziom;PC mat;322;329;479;;
KSPO_005_12x362x512;p???Çka - poziom;PC mat;356;329;523;;
KSPO_006_12x362x556;p???Çka - poziom;PC mat;380;329;729;;
KSPO_007_12x362x762;p???Çka - poziom;PC mat;498;374;229;;
KSPO_008_12x407x262;p???Çka - poziom;PC mat;234;374;374;;
KSPO_009_12x407x407;p???Çka - poziom;PC mat;324;374;420;;
KSPO_010_12x407x453;p???Çka - poziom;PC mat;352;374;479;;
KSPO_011_12x407x512;p???Çka - poziom;PC mat;389;374;523;;
KSPO_012_12x407x556;p???Çka - poziom;PC mat;417;374;729;;
KSPO_013_12x407x762;p???Çka - poziom;PC mat;544;329;523;;
KSPO_017_12x362x625;p???Çka - poziom;PC mat;426;329;229;;
KSPO_001_12x362x262;p???Çka - poziom;PC polysk;271;329;329;;
KSPO_002_12x362x362;p???Çka - poziom;PC polysk;348;329;374;;
KSPO_003_12x362x407;p???Çka - poziom;PC polysk;383;329;420;;
KSPO_004_12x362x453;p???Çka - poziom;PC polysk;420;329;479;;
KSPO_005_12x362x512;p???Çka - poziom;PC polysk;466;329;523;;
KSPO_006_12x362x556;p???Çka - poziom;PC polysk;501;329;729;;
KSPO_007_12x362x762;p???Çka - poziom;PC polysk;662;374;229;;
KSPO_008_12x407x262;p???Çka - poziom;PC polysk;298;374;374;;
KSPO_009_12x407x407;p???Çka - poziom;PC polysk;422;374;420;;
KSPO_010_12x407x453;p???Çka - poziom;PC polysk;463;374;479;;
KSPO_011_12x407x512;p???Çka - poziom;PC polysk;514;374;523;;
KSPO_012_12x407x556;p???Çka - poziom;PC polysk;551;374;729;;
KSPO_013_12x407x762;p???Çka - poziom;PC polysk;730;329;523;;
KSPO_017_12x362x625;p???Çka - poziom;PC polysk;562;329;229;;
KSPO_001_12x362x262;p???Çka - poziom;fornir dab mat;276;329;329;;
KSPO_002_12x362x362;p???Çka - poziom;fornir dab mat;358;329;374;;
KSPO_003_12x362x407;p???Çka - poziom;fornir dab mat;393;329;420;;
KSPO_004_12x362x453;p???Çka - poziom;fornir dab mat;429;329;479;;
KSPO_005_12x362x512;p???Çka - poziom;fornir dab mat;477;329;523;;
KSPO_006_12x362x556;p???Çka - poziom;fornir dab mat;512;329;729;;
KSPO_007_12x362x762;p???Çka - poziom;fornir dab mat;679;374;229;;
KSPO_008_12x407x262;p???Çka - poziom;fornir dab mat;304;374;374;;
KSPO_009_12x407x407;p???Çka - poziom;fornir dab mat;433;374;420;;
KSPO_010_12x407x453;p???Çka - poziom;fornir dab mat;474;374;479;;
KSPO_011_12x407x512;p???Çka - poziom;fornir dab mat;527;374;523;;
KSPO_012_12x407x556;p???Çka - poziom;fornir dab mat;566;374;729;;
KSPO_013_12x407x762;p???Çka - poziom;fornir dab mat;749;329;523;;
KSPO_017_12x362x625;p???Çka - poziom;fornir dab mat;577;329;229;;
KSPO_001_12x362x262;p???Çka - poziom;fornir orzech mat;291;329;329;;
KSPO_002_12x362x362;p???Çka - poziom;fornir orzech mat;378;329;374;;
KSPO_003_12x362x407;p???Çka - poziom;fornir orzech mat;417;329;420;;
KSPO_004_12x362x453;p???Çka - poziom;fornir orzech mat;457;329;479;;
KSPO_005_12x362x512;p???Çka - poziom;fornir orzech mat;509;329;523;;
KSPO_006_12x362x556;p???Çka - poziom;fornir orzech mat;546;329;729;;
KSPO_007_12x362x762;p???Çka - poziom;fornir orzech mat;725;374;229;;
KSPO_008_12x407x262;p???Çka - poziom;fornir orzech mat;321;374;374;;
KSPO_009_12x407x407;p???Çka - poziom;fornir orzech mat;472;374;420;;
KSPO_010_12x407x453;p???Çka - poziom;fornir orzech mat;503;374;479;;
KSPO_011_12x407x512;p???Çka - poziom;fornir orzech mat;560;374;523;;
KSPO_012_12x407x556;p???Çka - poziom;fornir orzech mat;603;374;729;;
KSPO_013_12x407x762;p???Çka - poziom;fornir orzech mat;800;329;523;;
KSPO_017_12x362x625;p???Çka - poziom;fornir orzech mat;614;329;229;;
KSPO_001_12x362x262;p???Çka - poziom;fornir orzech polysk;450;329;329;;
KSPO_002_12x362x362;p???Çka - poziom;fornir orzech polysk;597;329;374;;
KSPO_003_12x362x407;p???Çka - poziom;fornir orzech polysk;664;329;420;;
KSPO_004_12x362x453;p???Çka - poziom;fornir orzech polysk;730;329;479;;
KSPO_005_12x362x512;p???Çka - poziom;fornir orzech polysk;819;329;523;;
KSPO_006_12x362x556;p???Çka - poziom;fornir orzech polysk;883;329;729;;
KSPO_007_12x362x762;p???Çka - poziom;fornir orzech polysk;1186;374;229;;
KSPO_008_12x407x262;p???Çka - poziom;fornir orzech polysk;498;374;374;;
KSPO_009_12x407x407;p???Çka - poziom;fornir orzech polysk;738;374;420;;
KSPO_010_12x407x453;p???Çka - poziom;fornir orzech polysk;813;374;479;;
KSPO_011_12x407x512;p???Çka - poziom;fornir orzech polysk;909;374;523;;
KSPO_012_12x407x556;p???Çka - poziom;fornir orzech polysk;981;374;729;;
KSPO_013_12x407x762;p???Çka - poziom;fornir orzech polysk;1321;329;523;;
KSZ_001;Szuflada zewnƒôtrzna;PC mat;1069;;;229;79
KSZ_002;Szuflada zewnƒôtrzna;PC mat;1115;;;329;79
KSZ_003;Szuflada zewnƒôtrzna;PC mat;1135;;;374;79
KSZ_004;Szuflada zewnƒôtrzna;PC mat;1155;;;420;79
KSZ_005;Szuflada zewnƒôtrzna;PC mat;1181;;;479;79
KSZ_006;Szuflada zewnƒôtrzna;PC mat;1202;;;523;79
KSZ_007;Szuflada zewnƒôtrzna;PC mat;1296;;;729;79
KSZ_008;Szuflada zewnƒôtrzna;PC mat;1109;;;229;154
KSZ_009;Szuflada zewnƒôtrzna;PC mat;1165;;;329;154
KSZ_010;Szuflada zewnƒôtrzna;PC mat;1189;;;374;154
KSZ_011;Szuflada zewnƒôtrzna;PC mat;1215;;;420;154
KSZ_012;Szuflada zewnƒôtrzna;PC mat;1248;;;479;154
KSZ_013;Szuflada zewnƒôtrzna;PC mat;1272;;;523;154
KSZ_014;Szuflada zewnƒôtrzna;PC mat;1388;;;729;154
KSZ_015;Szuflada zewnƒôtrzna;PC mat;1146;;;229;229
KSZ_016;Szuflada zewnƒôtrzna;PC mat;1211;;;329;229
KSZ_017;Szuflada zewnƒôtrzna;PC mat;1240;;;374;229
KSZ_018;Szuflada zewnƒôtrzna;PC mat;1270;;;420;229
KSZ_019;Szuflada zewnƒôtrzna;PC mat;1307;;;479;229
KSZ_020;Szuflada zewnƒôtrzna;PC mat;1334;;;523;229
KSZ_021;Szuflada zewnƒôtrzna;PC mat;1467;;;729;229
KSZ_022;Szuflada zewnƒôtrzna;PC mat;1200;;;229;329
KSZ_023;Szuflada zewnƒôtrzna;PC mat;1275;;;329;329
KSZ_024;Szuflada zewnƒôtrzna;PC mat;1310;;;374;329
KSZ_025;Szuflada zewnƒôtrzna;PC mat;1346;;;420;329
KSZ_026;Szuflada zewnƒôtrzna;PC mat;1392;;;479;329
KSZ_027;Szuflada zewnƒôtrzna;PC mat;1425;;;523;329
KSZ_028;Szuflada zewnƒôtrzna;PC mat;1584;;;729;329
KSZ_029;Szuflada zewnƒôtrzna;PC mat;1226;;;229;374
KSZ_030;Szuflada zewnƒôtrzna;PC mat;1309;;;329;374
KSZ_031;Szuflada zewnƒôtrzna;PC mat;1346;;;374;374
KSZ_032;Szuflada zewnƒôtrzna;PC mat;1382;;;420;374
KSZ_033;Szuflada zewnƒôtrzna;PC mat;1432;;;479;374
KSZ_034;Szuflada zewnƒôtrzna;PC mat;1469;;;523;374
KSZ_035;Szuflada zewnƒôtrzna;PC mat;1639;;;729;374
KSZ_036;Szuflada zewnƒôtrzna;PC mat;1259;;;229;420
KSZ_037;Szuflada zewnƒôtrzna;PC mat;1349;;;329;420
KSZ_038;Szuflada zewnƒôtrzna;PC mat;1390;;;374;420
KSZ_039;Szuflada zewnƒôtrzna;PC mat;1430;;;420;420
KSZ_040;Szuflada zewnƒôtrzna;PC mat;1482;;;479;420
KSZ_041;Szuflada zewnƒôtrzna;PC mat;1523;;;523;420
KSZ_042;Szuflada zewnƒôtrzna;PC mat;1705;;;729;420
KSZ_001;Szuflada zewnƒôtrzna;PC polysk;1069;;;229;79
KSZ_002;Szuflada zewnƒôtrzna;PC polysk;1115;;;329;79
KSZ_003;Szuflada zewnƒôtrzna;PC polysk;1135;;;374;79
KSZ_004;Szuflada zewnƒôtrzna;PC polysk;1155;;;420;79
KSZ_005;Szuflada zewnƒôtrzna;PC polysk;1181;;;479;79
KSZ_006;Szuflada zewnƒôtrzna;PC polysk;1202;;;523;79
KSZ_007;Szuflada zewnƒôtrzna;PC polysk;1296;;;729;79
KSZ_008;Szuflada zewnƒôtrzna;PC polysk;1109;;;229;154
KSZ_009;Szuflada zewnƒôtrzna;PC polysk;1165;;;329;154
KSZ_010;Szuflada zewnƒôtrzna;PC polysk;1189;;;374;154
KSZ_011;Szuflada zewnƒôtrzna;PC polysk;1215;;;420;154
KSZ_012;Szuflada zewnƒôtrzna;PC polysk;1248;;;479;154
KSZ_013;Szuflada zewnƒôtrzna;PC polysk;1272;;;523;154
KSZ_014;Szuflada zewnƒôtrzna;PC polysk;1388;;;729;154
KSZ_015;Szuflada zewnƒôtrzna;PC polysk;1146;;;229;229
KSZ_016;Szuflada zewnƒôtrzna;PC polysk;1211;;;329;229
KSZ_017;Szuflada zewnƒôtrzna;PC polysk;1240;;;374;229
KSZ_018;Szuflada zewnƒôtrzna;PC polysk;1270;;;420;229
KSZ_019;Szuflada zewnƒôtrzna;PC polysk;1307;;;479;229
KSZ_020;Szuflada zewnƒôtrzna;PC polysk;1334;;;523;229
KSZ_021;Szuflada zewnƒôtrzna;PC polysk;1467;;;729;229
KSZ_022;Szuflada zewnƒôtrzna;PC polysk;1200;;;229;329
KSZ_023;Szuflada zewnƒôtrzna;PC polysk;1275;;;329;329
KSZ_024;Szuflada zewnƒôtrzna;PC polysk;1310;;;374;329
KSZ_025;Szuflada zewnƒôtrzna;PC polysk;1346;;;420;329
KSZ_026;Szuflada zewnƒôtrzna;PC polysk;1392;;;479;329
KSZ_027;Szuflada zewnƒôtrzna;PC polysk;1425;;;523;329
KSZ_028;Szuflada zewnƒôtrzna;PC polysk;1584;;;729;329
KSZ_029;Szuflada zewnƒôtrzna;PC polysk;1226;;;229;374
KSZ_030;Szuflada zewnƒôtrzna;PC polysk;1309;;;329;374
KSZ_031;Szuflada zewnƒôtrzna;PC polysk;1346;;;374;374
KSZ_032;Szuflada zewnƒôtrzna;PC polysk;1382;;;420;374
KSZ_033;Szuflada zewnƒôtrzna;PC polysk;1432;;;479;374
KSZ_034;Szuflada zewnƒôtrzna;PC polysk;1469;;;523;374
KSZ_035;Szuflada zewnƒôtrzna;PC polysk;1639;;;729;374
KSZ_036;Szuflada zewnƒôtrzna;PC polysk;1259;;;229;420
KSZ_037;Szuflada zewnƒôtrzna;PC polysk;1349;;;329;420
KSZ_038;Szuflada zewnƒôtrzna;PC polysk;1390;;;374;420
KSZ_039;Szuflada zewnƒôtrzna;PC polysk;1430;;;420;420
KSZ_040;Szuflada zewnƒôtrzna;PC polysk;1482;;;479;420
KSZ_041;Szuflada zewnƒôtrzna;PC polysk;1523;;;523;420
KSZ_042;Szuflada zewnƒôtrzna;PC polysk;1705;;;729;420
KSZ_001;Szuflada zewnƒôtrzna;fornir dab mat;1099;;;229;79
KSZ_002;Szuflada zewnƒôtrzna;fornir dab mat;1156;;;329;79
KSZ_003;Szuflada zewnƒôtrzna;fornir dab mat;1182;;;374;79
KSZ_004;Szuflada zewnƒôtrzna;fornir dab mat;1208;;;420;79
KSZ_005;Szuflada zewnƒôtrzna;fornir dab mat;1242;;;479;79
KSZ_006;Szuflada zewnƒôtrzna;fornir dab mat;1267;;;523;79
KSZ_007;Szuflada zewnƒôtrzna;fornir dab mat;1384;;;729;79
KSZ_008;Szuflada zewnƒôtrzna;fornir dab mat;1161;;;229;154
KSZ_009;Szuflada zewnƒôtrzna;fornir dab mat;1236;;;329;154
KSZ_010;Szuflada zewnƒôtrzna;fornir dab mat;1269;;;374;154
KSZ_011;Szuflada zewnƒôtrzna;fornir dab mat;1303;;;420;154
KSZ_012;Szuflada zewnƒôtrzna;fornir dab mat;1347;;;479;154
KSZ_013;Szuflada zewnƒôtrzna;fornir dab mat;1380;;;523;154
KSZ_014;Szuflada zewnƒôtrzna;fornir dab mat;1538;;;729;154
KSZ_015;Szuflada zewnƒôtrzna;fornir dab mat;1218;;;229;229
KSZ_016;Szuflada zewnƒôtrzna;fornir dab mat;1310;;;329;229
KSZ_017;Szuflada zewnƒôtrzna;fornir dab mat;1351;;;374;229
KSZ_018;Szuflada zewnƒôtrzna;fornir dab mat;1393;;;420;229
KSZ_019;Szuflada zewnƒôtrzna;fornir dab mat;1448;;;479;229
KSZ_020;Szuflada zewnƒôtrzna;fornir dab mat;1488;;;523;229
KSZ_021;Szuflada zewnƒôtrzna;fornir dab mat;1677;;;729;229
KSZ_022;Szuflada zewnƒôtrzna;fornir dab mat;1298;;;229;329
KSZ_023;Szuflada zewnƒôtrzna;fornir dab mat;1413;;;329;329
KSZ_024;Szuflada zewnƒôtrzna;fornir dab mat;1465;;;374;329
KSZ_025;Szuflada zewnƒôtrzna;fornir dab mat;1518;;;420;329
KSZ_026;Szuflada zewnƒôtrzna;fornir dab mat;1585;;;479;329
KSZ_027;Szuflada zewnƒôtrzna;fornir dab mat;1636;;;523;329
KSZ_028;Szuflada zewnƒôtrzna;fornir dab mat;1873;;;729;329
KSZ_029;Szuflada zewnƒôtrzna;fornir dab mat;1337;;;229;374
KSZ_030;Szuflada zewnƒôtrzna;fornir dab mat;1462;;;329;374
KSZ_031;Szuflada zewnƒôtrzna;fornir dab mat;1519;;;374;374
KSZ_032;Szuflada zewnƒôtrzna;fornir dab mat;1577;;;420;374
KSZ_033;Szuflada zewnƒôtrzna;fornir dab mat;1651;;;479;374
KSZ_034;Szuflada zewnƒôtrzna;fornir dab mat;1706;;;523;374
KSZ_035;Szuflada zewnƒôtrzna;fornir dab mat;1964;;;729;374
KSZ_036;Szuflada zewnƒôtrzna;fornir dab mat;1384;;;229;420
KSZ_037;Szuflada zewnƒôtrzna;fornir dab mat;1521;;;329;420
KSZ_038;Szuflada zewnƒôtrzna;fornir dab mat;1582;;;374;420
KSZ_039;Szuflada zewnƒôtrzna;fornir dab mat;1645;;;420;420
KSZ_040;Szuflada zewnƒôtrzna;fornir dab mat;1726;;;479;420
KSZ_041;Szuflada zewnƒôtrzna;fornir dab mat;1786;;;523;420
KSZ_042;Szuflada zewnƒôtrzna;fornir dab mat;2068;;;729;420
KSZ_001;Szuflada zewnƒôtrzna;fornir orzech mat;1105;;;229;79
KSZ_002;Szuflada zewnƒôtrzna;fornir orzech mat;1164;;;329;79
KSZ_003;Szuflada zewnƒôtrzna;fornir orzech mat;1191;;;374;79
KSZ_004;Szuflada zewnƒôtrzna;fornir orzech mat;1218;;;420;79
KSZ_005;Szuflada zewnƒôtrzna;fornir orzech mat;1253;;;479;79
KSZ_006;Szuflada zewnƒôtrzna;fornir orzech mat;1279;;;523;79
KSZ_007;Szuflada zewnƒôtrzna;fornir orzech mat;1401;;;729;79
KSZ_008;Szuflada zewnƒôtrzna;fornir orzech mat;1171;;;229;154
KSZ_009;Szuflada zewnƒôtrzna;fornir orzech mat;1249;;;329;154
KSZ_010;Szuflada zewnƒôtrzna;fornir orzech mat;1284;;;374;154
KSZ_011;Szuflada zewnƒôtrzna;fornir orzech mat;1320;;;420;154
KSZ_012;Szuflada zewnƒôtrzna;fornir orzech mat;1366;;;479;154
KSZ_013;Szuflada zewnƒôtrzna;fornir orzech mat;1401;;;523;154
KSZ_014;Szuflada zewnƒôtrzna;fornir orzech mat;1566;;;729;154
KSZ_015;Szuflada zewnƒôtrzna;fornir orzech mat;1232;;;229;229
KSZ_016;Szuflada zewnƒôtrzna;fornir orzech mat;1329;;;329;229
KSZ_017;Szuflada zewnƒôtrzna;fornir orzech mat;1373;;;374;229
KSZ_018;Szuflada zewnƒôtrzna;fornir orzech mat;1417;;;420;229
KSZ_019;Szuflada zewnƒôtrzna;fornir orzech mat;1474;;;479;229
KSZ_020;Szuflada zewnƒôtrzna;fornir orzech mat;1517;;;523;229
KSZ_021;Szuflada zewnƒôtrzna;fornir orzech mat;1717;;;729;229
KSZ_022;Szuflada zewnƒôtrzna;fornir orzech mat;1317;;;229;329
KSZ_023;Szuflada zewnƒôtrzna;fornir orzech mat;1439;;;329;329
KSZ_024;Szuflada zewnƒôtrzna;fornir orzech mat;1494;;;374;329
KSZ_025;Szuflada zewnƒôtrzna;fornir orzech mat;1550;;;420;329
KSZ_026;Szuflada zewnƒôtrzna;fornir orzech mat;1623;;;479;329
KSZ_027;Szuflada zewnƒôtrzna;fornir orzech mat;1676;;;523;329
KSZ_028;Szuflada zewnƒôtrzna;fornir orzech mat;1928;;;729;329
KSZ_029;Szuflada zewnƒôtrzna;fornir orzech mat;1358;;;229;374
KSZ_030;Szuflada zewnƒôtrzna;fornir orzech mat;1492;;;329;374
KSZ_031;Szuflada zewnƒôtrzna;fornir orzech mat;1552;;;374;374
KSZ_032;Szuflada zewnƒôtrzna;fornir orzech mat;1613;;;420;374
KSZ_033;Szuflada zewnƒôtrzna;fornir orzech mat;1692;;;479;374
KSZ_034;Szuflada zewnƒôtrzna;fornir orzech mat;1751;;;523;374
KSZ_035;Szuflada zewnƒôtrzna;fornir orzech mat;2026;;;729;374
KSZ_036;Szuflada zewnƒôtrzna;fornir orzech mat;1408;;;229;420
KSZ_037;Szuflada zewnƒôtrzna;fornir orzech mat;1554;;;329;420
KSZ_038;Szuflada zewnƒôtrzna;fornir orzech mat;1619;;;374;420
KSZ_039;Szuflada zewnƒôtrzna;fornir orzech mat;1686;;;420;420
KSZ_040;Szuflada zewnƒôtrzna;fornir orzech mat;1773;;;479;420
KSZ_041;Szuflada zewnƒôtrzna;fornir orzech mat;1837;;;523;420
KSZ_042;Szuflada zewnƒôtrzna;fornir orzech mat;2137;;;729;420
KSZ_001;Szuflada zewnƒôtrzna;fornir orzech polysk;1123;;;229;79
KSZ_002;Szuflada zewnƒôtrzna;fornir orzech polysk;1189;;;329;79
KSZ_003;Szuflada zewnƒôtrzna;fornir orzech polysk;1218;;;374;79
KSZ_004;Szuflada zewnƒôtrzna;fornir orzech polysk;1249;;;420;79
KSZ_005;Szuflada zewnƒôtrzna;fornir orzech polysk;1288;;;479;79
KSZ_006;Szuflada zewnƒôtrzna;fornir orzech polysk;1317;;;523;79
KSZ_007;Szuflada zewnƒôtrzna;fornir orzech polysk;1453;;;729;79
KSZ_008;Szuflada zewnƒôtrzna;fornir orzech polysk;1200;;;229;154
KSZ_009;Szuflada zewnƒôtrzna;fornir orzech polysk;1290;;;329;154
KSZ_010;Szuflada zewnƒôtrzna;fornir orzech polysk;1330;;;374;154
KSZ_011;Szuflada zewnƒôtrzna;fornir orzech polysk;1371;;;420;154
KSZ_012;Szuflada zewnƒôtrzna;fornir orzech polysk;1424;;;479;154
KSZ_013;Szuflada zewnƒôtrzna;fornir orzech polysk;1464;;;523;154
KSZ_014;Szuflada zewnƒôtrzna;fornir orzech polysk;1653;;;729;154
KSZ_015;Szuflada zewnƒôtrzna;fornir orzech polysk;1274;;;229;229
KSZ_016;Szuflada zewnƒôtrzna;fornir orzech polysk;1386;;;329;229
KSZ_017;Szuflada zewnƒôtrzna;fornir orzech polysk;1437;;;374;229
KSZ_018;Szuflada zewnƒôtrzna;fornir orzech polysk;1489;;;420;229
KSZ_019;Szuflada zewnƒôtrzna;fornir orzech polysk;1556;;;479;229
KSZ_020;Szuflada zewnƒôtrzna;fornir orzech polysk;1605;;;523;229
KSZ_021;Szuflada zewnƒôtrzna;fornir orzech polysk;1838;;;729;229
KSZ_022;Szuflada zewnƒôtrzna;fornir orzech polysk;1375;;;229;329
KSZ_023;Szuflada zewnƒôtrzna;fornir orzech polysk;1519;;;329;329
KSZ_024;Szuflada zewnƒôtrzna;fornir orzech polysk;1584;;;374;329
KSZ_025;Szuflada zewnƒôtrzna;fornir orzech polysk;1650;;;420;329
KSZ_026;Szuflada zewnƒôtrzna;fornir orzech polysk;1735;;;479;329
KSZ_027;Szuflada zewnƒôtrzna;fornir orzech polysk;1798;;;523;329
KSZ_028;Szuflada zewnƒôtrzna;fornir orzech polysk;2095;;;729;329
KSZ_029;Szuflada zewnƒôtrzna;fornir orzech polysk;1423;;;229;374
KSZ_030;Szuflada zewnƒôtrzna;fornir orzech polysk;1581;;;329;374
KSZ_031;Szuflada zewnƒôtrzna;fornir orzech polysk;1652;;;374;374
KSZ_032;Szuflada zewnƒôtrzna;fornir orzech polysk;1725;;;420;374
KSZ_033;Szuflada zewnƒôtrzna;fornir orzech polysk;1819;;;479;374
KSZ_034;Szuflada zewnƒôtrzna;fornir orzech polysk;1888;;;523;374
KSZ_035;Szuflada zewnƒôtrzna;fornir orzech polysk;2215;;;729;374
KSZ_036;Szuflada zewnƒôtrzna;fornir orzech polysk;1479;;;229;420
KSZ_037;Szuflada zewnƒôtrzna;fornir orzech polysk;1653;;;329;420
KSZ_038;Szuflada zewnƒôtrzna;fornir orzech polysk;1731;;;374;420
KSZ_039;Szuflada zewnƒôtrzna;fornir orzech polysk;1811;;;420;420
KSZ_040;Szuflada zewnƒôtrzna;fornir orzech polysk;1913;;;479;420
KSZ_041;Szuflada zewnƒôtrzna;fornir orzech polysk;1989;;;523;420
KSZ_042;Szuflada zewnƒôtrzna;fornir orzech polysk;2347;;;729;420
